borrow_id,request_id,hold_id,borrow_date,return_id
1,501,1,2023-08-30 19:05:00,1
2,502,2,2023-10-23 22:58:18,2
3,503,3,2023-08-22 04:43:26,3
4,504,4,2023-06-01 03:27:20,4
5,505,5,2023-10-10 14:53:46,5
6,506,6,2023-07-02 08:25:17,6
7,507,7,2023-08-02 15:31:49,7
8,508,8,2023-08-10 11:34:55,8
9,509,9,2023-10-18 15:37:42,9
10,510,10,2023-03-11 04:16:02,10
11,511,11,2023-10-12 21:47:40,11
12,512,12,2023-10-05 13:11:07,12
13,513,13,2023-06-20 18:38:39,13
14,514,14,2023-10-25 00:12:00,14
15,515,15,2023-10-11 23:10:52,15
16,516,16,2023-09-12 11:23:28,16
17,517,17,2023-10-29 07:55:39,17
18,518,18,2023-09-30 22:46:21,18
19,519,19,2023-10-26 15:31:31,19
20,520,20,2023-10-15 13:06:36,20
21,521,21,2023-08-10 03:46:26,21
22,522,22,2023-10-29 14:41:40,22
23,523,23,2023-10-04 00:45:57,23
24,524,24,2023-08-01 00:54:24,24
25,525,25,2023-09-03 06:02:19,25
26,526,26,2023-08-20 02:49:39,26
27,527,27,2023-10-27 04:34:20,27
28,528,28,2023-03-07 18:52:59,28
29,529,29,2023-08-23 19:27:27,29
30,530,30,2023-10-26 04:02:43,30
31,531,31,2023-10-26 08:53:26,31
32,532,32,2023-06-30 18:18:46,32
33,533,33,2023-05-27 07:23:23,33
34,534,34,2023-08-20 14:55:57,34
35,535,35,2023-10-22 17:10:21,35
36,536,36,2023-05-27 22:06:27,36
37,537,37,2023-10-02 10:03:50,37
38,538,38,2023-06-15 07:15:25,38
39,539,39,2023-09-02 18:53:11,39
40,540,40,2023-07-03 13:03:08,40
41,541,41,2023-10-12 14:46:36,41
42,542,42,2023-07-22 06:27:15,42
43,543,43,2023-10-21 02:17:26,43
44,544,44,2023-09-19 15:59:25,44
45,545,45,2023-05-30 08:59:28,45
46,546,46,2023-10-31 22:05:26,46
47,547,47,2023-10-16 12:50:04,47
48,548,48,2023-09-06 14:05:33,48
49,549,49,2023-10-19 05:13:41,49
50,550,50,2023-06-20 10:38:33,50
51,551,51,2023-10-04 01:22:32,51
52,552,52,2023-08-11 17:49:40,52
53,553,53,2023-10-30 21:27:54,53
54,554,54,2023-07-01 09:17:53,54
55,555,55,2023-10-21 21:08:24,55
56,556,56,2023-05-06 20:27:31,56
57,557,57,2023-10-28 20:27:20,57
58,558,58,2023-10-19 19:27:34,58
59,559,59,2023-02-03 20:31:10,59
60,560,60,2023-05-11 19:53:47,60
61,561,61,2023-08-13 00:04:06,61
62,562,62,2023-10-10 02:34:34,62
63,563,63,2023-10-03 01:23:01,63
64,564,64,2023-08-20 21:36:03,64
65,565,65,2023-08-26 00:31:38,65
66,566,66,2023-07-22 18:51:53,66
67,567,67,2023-05-31 01:46:55,67
68,568,68,2023-09-09 11:37:43,68
69,569,69,2023-02-19 10:31:43,69
70,570,70,2023-10-24 20:55:34,70
71,571,71,2023-07-02 16:17:46,71
72,572,72,2023-08-12 10:56:43,72
73,573,73,2023-04-10 10:48:12,73
74,574,74,2023-04-27 13:18:17,74
75,575,75,2023-09-14 17:57:38,75
76,576,76,2023-07-03 06:13:44,76
77,577,77,2023-07-19 15:43:05,77
78,578,78,2023-10-22 08:38:26,78
79,579,79,2023-10-17 08:35:27,79
80,580,80,2023-10-12 17:07:38,80
81,581,81,2023-10-11 18:19:52,81
82,582,82,2023-04-18 10:43:24,82
83,583,83,2023-09-22 21:16:02,83
84,584,84,2023-10-04 17:23:43,84
85,585,85,2023-10-08 17:20:51,85
86,586,86,2023-10-07 23:24:43,86
87,587,87,2023-08-14 18:26:22,87
88,588,88,2023-06-12 09:45:24,88
89,589,89,2023-07-18 01:19:59,89
90,590,90,2023-10-14 00:57:08,90
91,591,91,2023-06-26 09:32:58,91
92,592,92,2023-03-30 17:10:38,92
93,593,93,2023-10-18 12:42:39,93
94,594,94,2023-08-09 10:22:26,94
95,595,95,2023-09-29 00:51:44,95
96,596,96,2023-08-22 20:00:18,96
97,597,97,2023-09-29 09:43:24,97
98,598,98,2023-10-31 21:36:04,98
99,599,99,2023-05-03 04:33:50,99
100,600,100,2023-03-04 08:59:04,100
101,601,101,2023-10-11 17:03:41,101
102,602,102,2023-08-27 15:05:48,102
103,603,103,2023-09-13 11:40:52,103
104,604,104,2023-05-26 02:14:20,104
105,605,105,2023-10-19 05:47:36,105
106,606,106,2023-10-16 19:29:00,106
107,607,107,2023-08-01 22:26:54,107
108,608,108,2023-08-12 22:46:33,108
109,609,109,2023-10-05 11:46:19,109
110,610,110,2023-09-26 02:03:49,110
111,611,111,2023-09-28 16:40:53,111
112,612,112,2023-06-14 04:35:53,112
113,613,113,2023-10-04 23:59:13,113
114,614,114,2023-09-22 02:41:07,114
115,615,115,2023-09-20 20:47:34,115
116,616,116,2023-04-14 08:55:29,116
117,617,117,2023-08-18 00:38:56,117
118,618,118,2023-05-02 01:56:21,118
119,619,119,2023-07-12 01:14:32,119
120,620,120,2023-10-31 08:10:17,120
121,621,121,2023-07-04 07:40:21,121
122,622,122,2023-09-08 19:56:32,122
123,623,123,2023-07-24 10:03:13,123
124,624,124,2023-08-19 04:21:31,124
125,625,125,2023-10-09 14:05:33,125
126,626,126,2023-09-11 13:45:11,126
127,627,127,2023-08-04 06:11:19,127
128,628,128,2023-04-13 11:36:40,128
129,629,129,2023-09-08 07:33:24,129
130,630,130,2023-09-12 07:10:11,130
131,631,131,2023-09-03 16:43:10,131
132,632,132,2023-03-14 11:02:01,132
133,633,133,2023-08-08 23:55:01,133
134,634,134,2023-09-16 03:23:39,134
135,635,135,2023-10-27 12:45:57,135
136,636,136,2023-09-28 00:37:36,136
137,637,137,2023-10-28 11:05:26,137
138,638,138,2023-08-07 04:19:40,138
139,639,139,2023-10-24 02:47:50,139
140,640,140,2023-06-28 20:37:43,140
141,641,141,2023-02-02 02:07:20,141
142,642,142,2023-09-12 08:40:19,142
143,643,143,2023-09-25 14:10:37,143
144,644,144,2023-06-03 00:44:44,144
145,645,145,2023-06-25 14:39:16,145
146,646,146,2023-06-25 05:04:14,146
147,647,147,2023-07-09 22:56:59,147
148,648,148,2023-10-28 23:27:10,148
149,649,149,2023-07-21 04:41:29,149
150,650,150,2023-09-21 02:41:35,150
151,651,151,2023-09-06 23:14:40,151
152,652,152,2023-03-12 08:43:41,152
153,653,153,2023-10-30 01:01:38,153
154,654,154,2023-08-19 21:34:08,154
155,655,155,2023-10-07 05:40:33,155
156,656,156,2023-02-24 17:12:09,156
157,657,157,2023-10-24 15:09:03,157
158,658,158,2023-10-07 15:47:43,158
159,659,159,2023-08-27 13:39:53,159
160,660,160,2023-09-29 21:23:34,160
161,661,161,2023-10-10 07:26:13,161
162,662,162,2023-10-18 09:19:28,162
163,663,163,2023-07-09 21:56:23,163
164,664,164,2023-08-04 23:38:50,164
165,665,165,2023-10-06 21:12:17,165
166,666,166,2023-03-08 21:31:23,166
167,667,167,2023-04-30 14:17:34,167
168,668,168,2023-07-11 07:48:43,168
169,669,169,2023-10-27 17:14:40,169
170,670,170,2023-07-28 23:31:07,170
171,671,171,2023-09-06 21:59:08,171
172,672,172,2023-07-21 13:45:46,172
173,673,173,2023-10-06 07:58:51,173
174,674,174,2023-08-29 15:54:26,174
175,675,175,2023-06-19 04:03:24,175
176,676,176,2023-05-08 07:21:43,176
177,677,177,2023-09-25 02:19:42,177
178,678,178,2023-10-01 10:58:01,178
179,679,179,2023-10-24 22:25:26,179
180,680,180,2023-07-10 00:19:18,180
181,681,181,2023-07-14 07:30:38,181
182,682,182,2023-08-04 07:30:50,182
183,683,183,2023-06-05 08:47:09,183
184,684,184,2023-09-18 22:11:20,184
185,685,185,2023-07-18 06:23:32,185
186,686,186,2023-09-23 06:07:44,186
187,687,187,2023-09-15 04:15:40,187
188,688,188,2023-09-16 13:32:26,188
189,689,189,2023-10-23 12:44:50,189
190,690,190,2023-08-21 12:31:32,190
191,691,191,2023-09-20 14:13:41,191
192,692,192,2023-04-19 07:44:58,192
193,693,193,2023-08-19 01:31:13,193
194,694,194,2023-08-12 10:13:16,194
195,695,195,2023-05-11 21:21:36,195
196,696,196,2023-06-27 21:13:42,196
197,697,197,2023-10-29 10:10:10,197
198,698,198,2023-05-05 10:21:53,198
199,699,199,2023-09-15 19:44:47,199
200,700,200,2023-10-29 16:40:16,200
201,701,201,2023-02-18 06:04:41,201
202,702,202,2023-10-21 04:53:12,202
203,703,203,2023-10-20 10:51:56,203
204,704,204,2023-02-27 17:19:09,204
205,705,205,2023-10-22 21:01:22,205
206,706,206,2023-10-08 15:10:50,206
207,707,207,2023-10-23 19:42:12,207
208,708,208,2023-10-27 19:59:54,208
209,709,209,2023-03-17 06:23:11,209
210,710,210,2023-10-05 01:32:23,210
211,711,211,2023-05-13 20:14:54,211
212,712,212,2023-10-19 19:30:35,212
213,713,213,2023-07-17 06:28:05,213
214,714,214,2023-01-18 17:27:24,214
215,715,215,2023-07-19 05:56:32,215
216,716,216,2023-10-23 12:40:08,216
217,717,217,2023-10-21 06:53:29,217
218,718,218,2023-07-23 15:12:45,218
219,719,219,2023-10-23 16:37:35,219
220,720,220,2023-09-23 10:11:01,220
221,721,221,2023-10-12 11:59:10,221
222,722,222,2023-09-10 22:14:00,222
223,723,223,2023-10-25 23:35:07,223
224,724,224,2023-10-06 22:53:19,224
225,725,225,2023-06-28 19:55:17,225
226,726,226,2023-09-21 22:49:55,226
227,727,227,2023-08-23 18:12:48,227
228,728,228,2023-08-08 22:06:12,228
229,729,229,2023-10-20 12:53:59,229
230,730,230,2023-08-04 18:11:58,230
231,731,231,2023-09-10 06:01:25,231
232,732,232,2023-07-30 00:34:06,232
233,733,233,2023-03-18 08:34:54,233
234,734,234,2023-10-28 04:00:45,234
235,735,235,2023-10-24 04:56:00,235
236,736,236,2023-06-30 16:02:26,236
237,737,237,2023-06-05 14:00:11,237
238,738,238,2023-09-15 08:53:57,238
239,739,239,2023-10-28 11:05:37,239
240,740,240,2023-09-12 17:04:07,240
241,741,241,2023-10-16 15:36:46,241
242,742,242,2023-09-25 14:35:43,242
243,743,243,2023-06-30 23:00:31,243
244,744,244,2023-10-23 11:20:05,244
245,745,245,2023-08-12 19:35:20,245
246,746,246,2023-05-25 21:39:36,246
247,747,247,2023-10-01 05:56:00,247
248,748,248,2023-10-26 01:28:25,248
249,749,249,2023-10-28 07:40:32,249
250,750,250,2023-04-21 14:09:33,250
251,751,251,2023-09-11 02:21:39,251
252,752,252,2023-07-20 10:57:18,252
253,753,253,2023-01-13 08:57:47,253
254,754,254,2023-07-17 23:01:13,254
255,755,255,2023-07-12 08:30:49,255
256,756,256,2023-10-14 01:32:48,256
257,757,257,2023-10-31 13:55:23,257
258,758,258,2023-08-08 00:32:15,258
259,759,259,2023-09-25 21:22:43,259
260,760,260,2023-10-01 02:49:18,260
261,761,261,2023-10-21 11:24:38,261
262,762,262,2023-05-12 01:07:58,262
263,763,263,2023-08-19 14:31:15,263
264,764,264,2023-09-06 10:14:21,264
265,765,265,2023-05-05 00:20:50,265
266,766,266,2023-08-29 21:16:01,266
267,767,267,2023-03-01 06:42:00,267
268,768,268,2023-07-19 18:49:26,268
269,769,269,2023-10-10 23:31:55,269
270,770,270,2023-10-26 10:13:44,270
271,771,271,2023-04-27 20:16:06,271
272,772,272,2023-08-29 22:09:15,272
273,773,273,2023-10-11 13:10:35,273
274,774,274,2023-05-30 03:08:46,274
275,775,275,2023-09-24 07:57:06,275
276,776,276,2023-08-17 13:08:12,276
277,777,277,2023-09-30 02:02:44,277
278,778,278,2023-06-02 20:31:20,278
279,779,279,2023-10-13 13:52:54,279
280,780,280,2023-10-22 16:09:13,280
281,781,281,2023-06-27 23:48:15,281
282,782,282,2023-06-06 01:21:52,282
283,783,283,2023-10-28 01:58:38,283
284,784,284,2023-08-29 09:59:22,284
285,785,285,2023-08-10 00:55:09,285
286,786,286,2023-09-06 05:49:09,286
287,787,287,2023-08-18 12:34:59,287
288,788,288,2023-09-28 10:08:47,288
289,789,289,2023-10-21 22:28:19,289
290,790,290,2023-10-30 06:56:10,290
291,791,291,2023-09-14 02:49:06,291
292,792,292,2023-08-29 13:16:41,292
293,793,293,2023-10-16 09:18:13,293
294,794,294,2023-02-14 03:42:14,294
295,795,295,2023-10-22 05:33:16,295
296,796,296,2023-10-23 20:55:55,296
297,797,297,2023-09-13 22:06:48,297
298,798,298,2023-10-21 07:30:43,298
299,799,299,2023-08-26 08:37:31,299
300,800,300,2023-08-17 06:21:00,300
301,1001,,2023-12-26 01:47:23,
302,1002,,2023-12-30 06:00:48,
303,1003,,2023-12-24 11:55:34,
304,1004,,2023-12-19 01:15:05,
305,1005,,2023-12-31 05:26:23,
306,1006,,2023-12-20 17:43:36,
307,1007,,2023-12-19 11:11:16,
308,1008,,2023-12-23 11:09:30,
309,1009,,2023-12-31 04:23:38,
310,1010,,2023-12-19 04:26:44,
311,1011,,2023-12-29 07:38:43,
312,1012,,2023-12-31 20:07:24,
313,1013,,2023-12-24 15:36:33,
314,1014,,2023-12-27 20:50:43,
315,1015,,2023-12-20 22:25:28,
316,1016,,2023-12-20 13:03:14,
317,1017,,2023-12-24 10:33:10,
318,1018,,2023-12-25 11:22:40,
319,1019,,2023-12-28 01:35:18,
320,1020,,2023-12-23 22:23:00,
321,1021,,2023-12-25 22:25:28,
322,1022,,2023-12-19 17:27:21,
323,1023,,2023-12-31 15:02:31,
324,1024,,2023-12-21 06:35:02,
325,1025,,2023-12-23 18:32:47,
326,1026,,2023-12-18 09:42:50,
327,1027,,2023-12-26 18:04:51,
328,1028,,2023-12-19 17:56:39,
329,1029,,2023-12-19 06:14:03,
330,1030,,2023-12-28 20:11:59,
331,1031,,2023-12-24 03:28:03,
332,1032,,2023-12-31 07:25:11,
333,1033,,2023-12-18 12:09:52,
334,1034,,2023-12-19 08:06:46,
335,1035,,2023-12-27 13:58:18,
336,1036,,2023-12-20 18:47:04,
337,1037,,2023-12-28 19:48:57,
338,1038,,2023-12-25 15:52:28,
339,1039,,2023-12-30 15:30:59,
340,1040,,2023-12-25 03:08:42,
341,1041,,2023-12-30 22:00:18,
342,1042,,2023-12-31 10:11:35,
343,1043,,2023-12-29 07:15:37,
344,1044,,2023-12-30 23:18:34,
345,1045,,2023-12-20 14:10:46,
346,1046,,2023-12-29 16:37:33,
347,1047,,2023-12-19 05:45:53,
348,1048,,2023-12-18 13:32:36,
349,1049,,2023-12-23 19:24:54,
350,1050,,2023-12-27 11:15:49,
351,1051,,2023-12-21 15:49:56,
352,1052,,2023-12-27 01:24:09,
353,1053,,2023-12-19 20:15:34,
354,1054,,2023-12-18 00:44:53,
355,1055,,2023-12-30 13:35:47,
356,1056,,2023-12-18 00:21:01,
357,1057,,2023-12-23 06:11:53,
358,1058,,2023-12-21 19:13:23,
359,1059,,2023-12-25 14:52:26,
360,1060,,2023-12-24 16:52:52,
361,1061,,2023-12-18 18:02:58,
362,1062,,2023-12-27 16:44:30,
363,1063,,2023-12-24 12:16:11,
364,1064,,2023-12-28 19:58:13,
365,1065,,2023-12-28 06:26:10,
366,1066,,2023-12-23 12:02:28,
367,1067,,2023-12-31 14:07:02,
368,1068,,2023-12-21 00:22:56,
369,1069,,2023-12-31 16:31:54,
370,1070,,2023-12-27 07:21:28,
371,1071,,2023-12-20 05:36:23,
372,1072,,2023-12-20 18:23:33,
373,1073,,2023-12-20 23:01:28,
374,1074,,2023-12-30 02:47:12,
375,1075,,2023-12-19 04:36:48,
376,1076,,2023-12-23 04:28:02,
377,1077,,2023-12-26 16:33:24,
378,1078,,2023-12-29 18:29:43,
379,1079,,2023-12-21 14:00:27,
380,1080,,2023-12-27 01:53:22,
381,1081,,2023-12-29 00:07:48,
382,1082,,2023-12-20 01:25:12,
383,1083,,2023-12-30 19:21:18,
384,1084,,2023-12-28 14:32:38,
385,1085,,2023-12-22 05:28:16,
386,1086,,2023-12-26 12:23:47,
387,1087,,2023-12-27 09:19:35,
388,1088,,2023-12-27 14:55:22,
389,1089,,2023-12-31 16:03:15,
390,1090,,2023-12-22 01:24:16,
391,1091,,2023-12-29 21:12:17,
392,1092,,2023-12-28 19:41:09,
393,1093,,2023-12-28 01:36:04,
394,1094,,2023-12-31 09:42:16,
395,1095,,2023-12-21 22:42:22,
396,1096,,2023-12-18 03:07:31,
397,1097,,2023-12-26 12:58:48,
398,1098,,2023-12-23 11:44:55,
399,1099,,2023-12-21 23:43:00,
400,1100,,2023-12-18 16:28:23,
401,1101,,2023-12-30 18:51:16,
402,1102,,2023-12-19 11:43:46,
403,1103,,2023-12-31 21:53:38,
404,1104,,2023-12-31 23:19:44,
405,1105,,2023-12-26 16:28:09,
406,1106,,2023-12-29 18:04:21,
407,1107,,2023-12-26 13:17:56,
408,1108,,2023-12-24 19:12:35,
409,1109,,2023-12-30 06:04:08,
410,1110,,2023-12-27 19:01:13,
411,1111,,2023-12-20 12:34:45,
412,1112,,2023-12-23 12:57:27,
413,1113,,2023-12-24 09:37:26,
414,1114,,2023-12-30 08:53:48,
415,1115,,2023-12-20 22:05:51,
416,1116,,2023-12-20 07:02:42,
417,1117,,2023-12-30 04:06:22,
418,1118,,2023-12-22 16:24:18,
419,1119,,2023-12-19 08:46:00,
420,1120,,2023-12-30 22:37:43,
421,1121,,2023-12-30 06:14:48,
422,1122,,2023-12-29 19:09:11,
423,1123,,2023-12-31 17:52:52,
424,1124,,2023-12-25 18:21:08,
425,1125,,2023-12-18 03:55:17,
426,1126,,2023-12-18 21:59:28,
427,1127,,2023-12-31 01:14:36,
428,1128,,2023-12-21 19:54:18,
429,1129,,2023-12-25 18:20:56,
430,1130,,2023-12-23 11:18:37,
431,1131,,2023-12-27 17:42:26,
432,1132,,2023-12-20 13:15:55,
433,1133,,2023-12-24 15:04:57,
434,1134,,2023-12-28 10:29:37,
435,1135,,2023-12-29 14:55:17,
436,1136,,2023-12-29 06:47:15,
437,1137,,2023-12-23 05:41:52,
438,1138,,2023-12-31 17:02:50,
439,1139,,2023-12-22 14:57:43,
440,1140,,2023-12-20 21:02:47,
441,1141,,2023-12-29 17:57:19,
442,1142,,2023-12-24 17:44:24,
443,1143,,2023-12-23 18:06:57,
444,1144,,2023-12-30 20:39:05,
445,1145,,2023-12-27 10:59:48,
446,1146,,2023-12-18 18:43:50,
447,1147,,2023-12-19 16:21:02,
448,1148,,2023-12-24 12:19:34,
449,1149,,2023-12-19 17:53:20,
450,1150,,2023-12-28 18:42:43,
451,1151,,2023-12-26 15:41:58,
452,1152,,2023-12-21 16:57:35,
453,1153,,2023-12-24 13:40:41,
454,1154,,2023-12-27 05:31:20,
455,1155,,2023-12-30 22:37:22,
456,1156,,2023-12-20 03:09:37,
457,1157,,2023-12-23 12:01:37,
458,1158,,2023-12-26 16:39:54,
459,1159,,2023-12-22 13:43:59,
460,1160,,2023-12-28 15:39:05,
461,1161,,2023-12-27 05:38:06,
462,1162,,2023-12-30 06:25:19,
463,1163,,2023-12-28 11:28:25,
464,1164,,2023-12-21 10:31:45,
465,1165,,2023-12-26 10:45:30,
466,1166,,2023-12-21 15:17:00,
467,1167,,2023-12-28 21:47:07,
468,1168,,2023-12-23 03:07:27,
469,1169,,2023-12-30 06:32:35,
470,1170,,2023-12-30 04:02:48,
471,1171,,2023-12-21 22:07:34,
472,1172,,2023-12-23 11:37:11,
473,1173,,2023-12-29 20:44:22,
474,1174,,2023-12-26 00:53:08,
475,1175,,2023-12-26 12:37:13,
476,1176,,2023-12-27 23:26:13,
477,1177,,2023-12-20 07:00:44,
478,1178,,2023-12-23 07:42:12,
479,1179,,2023-12-29 00:26:45,
480,1180,,2023-12-24 15:21:37,
481,1181,,2023-12-20 07:17:03,
482,1182,,2023-12-22 15:18:46,
483,1183,,2023-12-19 10:35:42,
484,1184,,2023-12-26 22:09:21,
485,1185,,2023-12-24 01:55:22,
486,1186,,2023-12-20 20:14:08,
487,1187,,2023-12-23 12:56:16,
488,1188,,2023-12-27 12:25:38,
489,1189,,2023-12-28 17:35:04,
490,1190,,2023-12-30 17:23:20,
491,1191,,2023-12-24 23:41:07,
492,1192,,2023-12-28 11:38:27,
493,1193,,2023-12-23 13:07:15,
494,1194,,2023-12-23 04:23:47,
495,1195,,2023-12-23 20:46:42,
496,1196,,2023-12-24 18:59:29,
497,1197,,2023-12-25 13:28:08,
498,1198,,2023-12-19 07:52:22,
499,1199,,2023-12-24 09:01:06,
500,1200,,2023-12-22 02:25:01,
501,1201,,2023-12-29 04:15:56,
502,1202,,2023-12-19 23:09:42,
503,1203,,2023-12-22 02:56:04,
504,1204,,2023-12-23 07:38:21,
505,1205,,2023-12-23 18:36:12,
506,1206,,2023-12-24 16:37:39,
507,1207,,2023-12-27 20:17:11,
508,1208,,2023-12-22 04:28:46,
509,1209,,2023-12-25 14:21:50,
510,1210,,2023-12-25 23:52:18,
511,1211,,2023-12-22 02:31:28,
512,1212,,2023-12-25 03:28:31,
513,1213,,2023-12-28 14:51:44,
514,1214,,2023-12-21 12:01:08,
515,1215,,2023-12-24 13:04:09,
516,1216,,2023-12-23 11:34:36,
517,1217,,2023-12-22 15:27:32,
518,1218,,2023-12-18 01:51:38,
519,1219,,2023-12-27 10:54:30,
520,1220,,2023-12-28 11:15:52,
521,1221,,2023-12-23 12:47:53,
522,1222,,2023-12-26 17:28:20,
523,1223,,2023-12-28 11:30:19,
524,1224,,2023-12-21 11:37:08,
525,1225,,2023-12-24 14:40:21,
526,1226,,2023-12-26 13:37:18,
527,1227,,2023-12-25 23:58:40,
528,1228,,2023-12-24 22:28:38,
529,1229,,2023-12-20 03:43:14,
530,1230,,2023-12-23 04:40:54,
531,1231,,2023-12-23 05:30:27,
532,1232,,2023-12-24 15:05:33,
533,1233,,2023-12-19 13:40:34,
534,1234,,2023-12-18 02:26:12,
535,1235,,2023-12-27 05:25:39,
536,1236,,2023-12-21 21:12:26,
537,1237,,2023-12-23 16:51:52,
538,1238,,2023-12-22 09:57:57,
539,1239,,2023-12-29 19:51:06,
540,1240,,2023-12-23 10:02:05,
541,1241,,2023-12-24 03:19:49,
542,1242,,2023-12-26 15:52:31,
543,1243,,2023-12-23 18:08:34,
544,1244,,2023-12-28 23:31:07,
545,1245,,2023-12-21 00:13:24,
546,1246,,2023-12-23 00:01:43,
547,1247,,2023-12-19 09:04:36,
548,1248,,2023-12-24 03:33:09,
549,1249,,2023-12-28 14:24:02,
550,1250,,2023-12-26 18:21:47,
551,1251,,2023-12-19 05:12:24,
552,1252,,2023-12-31 02:39:49,
553,1253,,2023-12-22 04:34:18,
554,1254,,2023-12-30 16:12:58,
555,1255,,2023-12-21 14:35:41,
556,1256,,2023-12-19 13:36:44,
557,1257,,2023-12-21 11:28:06,
558,1258,,2023-12-23 11:54:06,
559,1259,,2023-12-27 05:10:23,
560,1260,,2023-12-29 15:58:01,
561,1261,,2023-12-27 10:00:35,
562,1262,,2023-12-21 10:36:06,
563,1263,,2023-12-18 19:02:53,
564,1264,,2023-12-29 16:46:46,
565,1265,,2023-12-23 15:47:30,
566,1266,,2023-12-20 00:04:05,
567,1267,,2023-12-24 22:17:31,
568,1268,,2023-12-20 11:08:58,
569,1269,,2023-12-28 15:33:00,
570,1270,,2023-12-24 04:43:25,
571,1271,,2023-12-20 08:15:36,
572,1272,,2023-12-27 22:22:04,
573,1273,,2023-12-28 09:59:09,
574,1274,,2023-12-19 09:00:15,
575,1275,,2023-12-23 14:33:05,
576,1276,,2023-12-25 18:48:27,
577,1277,,2023-12-26 18:54:57,
578,1278,,2023-12-26 18:52:56,
579,1279,,2023-12-19 07:43:09,
580,1280,,2023-12-25 05:47:02,
581,1281,,2023-12-26 02:46:53,
582,1282,,2023-12-18 06:35:53,
583,1283,,2023-12-29 19:28:16,
584,1284,,2023-12-30 12:23:38,
585,1285,,2023-12-30 00:02:23,
586,1286,,2023-12-20 13:08:03,
587,1287,,2023-12-30 06:47:48,
588,1288,,2023-12-26 01:19:48,
589,1289,,2023-12-23 06:08:11,
590,1290,,2023-12-30 04:02:39,
591,1291,,2023-12-19 12:45:50,
592,1292,,2023-12-22 02:38:49,
593,1293,,2023-12-28 06:04:21,
594,1294,,2023-12-31 19:21:09,
595,1295,,2023-12-25 20:11:34,
596,1296,,2023-12-23 05:09:01,
597,1297,,2023-12-21 00:48:29,
598,1298,,2023-12-27 18:26:16,
599,1299,,2023-12-20 20:04:37,
600,1300,,2023-12-25 22:42:05,
601,1301,,2023-12-26 23:30:03,
602,1302,,2023-12-29 06:53:49,
603,1303,,2023-12-18 18:07:02,
604,1304,,2023-12-23 03:37:42,
605,1305,,2023-12-26 13:13:11,
606,1306,,2023-12-30 01:52:26,
607,1307,,2023-12-19 05:18:44,
608,1308,,2023-12-27 03:39:03,
609,1309,,2023-12-29 19:46:42,
610,1310,,2023-12-26 20:01:50,
611,1311,,2023-12-26 21:05:16,
612,1312,,2023-12-18 02:16:07,
613,1313,,2023-12-29 13:28:24,
614,1314,,2023-12-28 17:11:08,
615,1315,,2023-12-18 16:28:31,
616,1316,,2023-12-24 07:26:43,
617,1317,,2023-12-25 11:13:27,
618,1318,,2023-12-25 16:38:44,
619,1319,,2023-12-26 22:01:59,
620,1320,,2023-12-28 16:15:29,
621,1321,,2023-12-19 20:42:45,
622,1322,,2023-12-23 05:58:38,
623,1323,,2023-12-24 12:57:16,
624,1324,,2023-12-31 06:36:21,
625,1325,,2023-12-25 01:05:29,
626,1326,,2023-12-26 14:47:43,
627,1327,,2023-12-20 15:47:51,
628,1328,,2023-12-24 14:39:54,
629,1329,,2023-12-29 20:11:02,
630,1330,,2023-12-20 16:54:54,
631,1331,,2023-12-25 00:05:04,
632,1332,,2023-12-30 06:37:39,
633,1333,,2023-12-26 00:15:51,
634,1334,,2023-12-27 17:41:20,
635,1335,,2023-12-27 05:33:19,
636,1336,,2023-12-18 12:14:56,
637,1337,,2023-12-21 18:13:44,
638,1338,,2023-12-21 13:12:39,
639,1339,,2023-12-26 11:42:18,
640,1340,,2023-12-22 22:26:55,
641,1341,,2023-12-18 17:01:44,
642,1342,,2023-12-22 21:01:35,
643,1343,,2023-12-18 07:07:48,
644,1344,,2023-12-29 00:20:32,
645,1345,,2023-12-19 20:59:52,
646,1346,,2023-12-26 17:26:10,
647,1347,,2023-12-25 12:30:03,
648,1348,,2023-12-31 17:18:44,
649,1349,,2023-12-20 13:17:20,
650,1350,,2023-12-21 20:19:19,
651,1351,,2023-12-25 17:39:26,
652,1352,,2023-12-25 10:08:28,
653,1353,,2023-12-27 17:12:42,
654,1354,,2023-12-19 21:23:09,
655,1355,,2023-12-28 12:16:22,
656,1356,,2023-12-25 16:16:05,
657,1357,,2023-12-31 06:32:12,
658,1358,,2023-12-31 11:35:12,
659,1359,,2023-12-27 22:32:23,
660,1360,,2023-12-26 07:22:44,
661,1361,,2023-12-25 07:26:56,
662,1362,,2023-12-27 03:42:56,
663,1363,,2023-12-20 16:08:56,
664,1364,,2023-12-26 08:58:38,
665,1365,,2023-12-29 23:54:05,
666,1366,,2023-12-20 20:35:30,
667,1367,,2023-12-20 16:48:16,
668,1368,,2023-12-28 07:02:00,
669,1369,,2023-12-27 19:47:10,
670,1370,,2023-12-29 23:04:05,
671,1371,,2023-12-18 03:28:46,
672,1372,,2023-12-22 17:20:39,
673,1373,,2023-12-24 08:25:12,
674,1374,,2023-12-28 14:26:05,
675,1375,,2023-12-21 14:42:59,
676,1376,,2023-12-29 00:49:56,
677,1377,,2023-12-27 11:10:03,
678,1378,,2023-12-27 02:51:37,
679,1379,,2023-12-19 19:07:02,
680,1380,,2023-12-24 13:59:23,
681,1381,,2023-12-28 12:21:27,
682,1382,,2023-12-31 05:04:13,
683,1383,,2023-12-23 04:03:01,
684,1384,,2023-12-23 14:12:26,
685,1385,,2023-12-18 17:11:26,
686,1386,,2023-12-28 11:03:08,
687,1387,,2023-12-18 14:20:21,
688,1388,,2023-12-22 04:35:29,
689,1389,,2023-12-29 11:43:58,
690,1390,,2023-12-29 06:26:08,
691,1391,,2023-12-30 09:02:12,
692,1392,,2023-12-18 01:57:32,
693,1393,,2023-12-28 18:22:05,
694,1394,,2023-12-22 18:13:59,
695,1395,,2023-12-28 05:21:05,
696,1396,,2023-12-20 11:05:25,
697,1397,,2023-12-21 08:50:12,
698,1398,,2023-12-27 07:54:40,
699,1399,,2023-12-28 02:53:57,
700,1400,,2023-12-23 17:37:40,
701,1401,,2023-12-19 16:19:27,
702,1402,,2023-12-23 21:54:18,
703,1403,,2023-12-25 08:39:27,
704,1404,,2023-12-30 16:09:47,
705,1405,,2023-12-26 08:58:54,
706,1406,,2023-12-20 06:54:19,
707,1407,,2023-12-23 04:37:12,
708,1408,,2023-12-21 14:34:22,
709,1409,,2023-12-21 01:25:21,
710,1410,,2023-12-18 18:39:54,
711,1411,,2023-12-30 17:57:53,
712,1412,,2023-12-21 11:49:10,
713,1413,,2023-12-26 18:45:13,
714,1414,,2023-12-20 23:26:37,
715,1415,,2023-12-19 23:11:24,
716,1416,,2023-12-26 06:26:15,
717,1417,,2023-12-28 09:49:15,
718,1418,,2023-12-20 19:57:30,
719,1419,,2023-12-19 16:10:43,
720,1420,,2023-12-29 15:08:37,
721,1421,,2023-12-29 15:16:45,
722,1422,,2023-12-31 03:31:12,
723,1423,,2023-12-28 22:58:58,
724,1424,,2023-12-23 18:09:43,
725,1425,,2023-12-22 19:06:32,
726,1426,,2023-12-24 09:43:01,
727,1427,,2023-12-27 07:36:35,
728,1428,,2023-12-22 03:49:15,
729,1429,,2023-12-29 10:20:15,
730,1430,,2023-12-26 08:02:49,
731,1431,,2023-12-28 05:43:22,
732,1432,,2023-12-21 02:32:39,
733,1433,,2023-12-28 09:50:31,
734,1434,,2023-12-26 13:39:20,
735,1435,,2023-12-29 04:08:52,
736,1436,,2023-12-24 13:27:28,
737,1437,,2023-12-27 17:32:41,
738,1438,,2023-12-24 05:33:09,
739,1439,,2023-12-28 04:03:15,
740,1440,,2023-12-22 22:51:54,
741,1441,,2023-12-22 06:20:18,
742,1442,,2023-12-31 11:42:28,
743,1443,,2023-12-18 20:50:13,
744,1444,,2023-12-23 18:30:56,
745,1445,,2023-12-19 20:22:11,
746,1446,,2023-12-25 04:08:59,
747,1447,,2023-12-27 04:19:26,
748,1448,,2023-12-26 09:14:25,
749,1449,,2023-12-20 12:15:36,
750,1450,,2023-12-29 23:53:49,
751,1451,,2023-12-28 08:55:19,
752,1452,,2023-12-23 07:44:17,
753,1453,,2023-12-23 05:25:35,
754,1454,,2023-12-26 09:11:22,
755,1455,,2023-12-27 21:36:34,
756,1456,,2023-12-30 05:55:14,
757,1457,,2023-12-24 15:04:18,
758,1458,,2023-12-24 22:59:31,
759,1459,,2023-12-26 19:13:17,
760,1460,,2023-12-22 00:55:07,
761,1461,,2023-12-30 01:06:50,
762,1462,,2023-12-23 06:53:44,
763,1463,,2023-12-27 16:08:12,
764,1464,,2023-12-22 11:57:58,
765,1465,,2023-12-21 17:54:40,
766,1466,,2023-12-22 18:38:50,
767,1467,,2023-12-22 11:11:08,
768,1468,,2023-12-29 18:05:26,
769,1469,,2023-12-19 11:44:15,
770,1470,,2023-12-30 18:56:50,
771,1471,,2023-12-23 05:27:19,
772,1472,,2023-12-18 21:27:09,
773,1473,,2023-12-30 08:26:39,
774,1474,,2023-12-25 12:56:25,
775,1475,,2023-12-25 23:30:02,
776,1476,,2023-12-18 01:44:26,
777,1477,,2023-12-28 03:19:30,
778,1478,,2023-12-20 02:55:24,
779,1479,,2023-12-19 19:34:44,
780,1480,,2023-12-22 13:04:46,
781,1481,,2023-12-29 04:48:21,
782,1482,,2023-12-21 05:30:52,
783,1483,,2023-12-20 10:09:03,
784,1484,,2023-12-24 16:32:15,
785,1485,,2023-12-28 04:43:02,
786,1486,,2023-12-27 07:49:04,
787,1487,,2023-12-24 07:59:22,
788,1488,,2023-12-20 04:35:40,
789,1489,,2023-12-18 01:13:14,
790,1490,,2023-12-29 10:39:30,
791,1491,,2023-12-28 02:44:15,
792,1492,,2023-12-31 20:15:38,
793,1493,,2023-12-23 07:15:50,
794,1494,,2023-12-20 22:55:11,
795,1495,,2023-12-31 02:28:39,
796,1496,,2023-12-22 11:18:43,
797,1497,,2023-12-28 02:04:53,
798,1498,,2023-12-19 04:48:28,
799,1499,,2023-12-20 23:49:36,
800,1500,,2023-12-27 17:17:17,
801,1501,,2023-12-25 20:35:06,
802,1502,,2023-12-26 22:53:26,
803,1503,,2023-12-18 16:46:40,
804,1504,,2023-12-27 05:46:25,
805,1505,,2023-12-31 04:46:36,
806,1506,,2023-12-24 07:22:14,
807,1507,,2023-12-29 20:17:05,
808,1508,,2023-12-24 09:14:17,
809,1509,,2023-12-21 20:58:19,
810,1510,,2023-12-26 00:38:05,
811,1511,,2023-12-31 21:16:37,
812,1512,,2023-12-18 06:15:02,
813,1513,,2023-12-27 15:12:18,
814,1514,,2023-12-19 06:30:09,
815,1515,,2023-12-20 00:10:11,
816,1516,,2023-12-31 13:05:23,
817,1517,,2023-12-22 17:18:42,
818,1518,,2023-12-18 12:12:42,
819,1519,,2023-12-25 03:18:18,
820,1520,,2023-12-30 15:55:22,
821,1521,,2023-12-24 14:13:23,
822,1522,,2023-12-25 20:06:00,
823,1523,,2023-12-20 12:47:23,
824,1524,,2023-12-24 12:55:29,
825,1525,,2023-12-29 22:41:49,
826,1526,,2023-12-22 11:47:34,
827,1527,,2023-12-26 05:17:28,
828,1528,,2023-12-26 19:23:55,
829,1529,,2023-12-30 14:46:00,
830,1530,,2023-12-26 04:10:18,
831,1531,,2023-12-24 10:14:33,
832,1532,,2023-12-21 20:14:59,
833,1533,,2023-12-18 08:26:32,
834,1534,,2023-12-31 19:44:59,
835,1535,,2023-12-26 10:39:33,
836,1536,,2023-12-27 15:42:02,
837,1537,,2023-12-22 02:50:38,
838,1538,,2023-12-25 00:53:41,
839,1539,,2023-12-28 07:58:43,
840,1540,,2023-12-30 13:51:59,
841,1541,,2023-12-26 03:48:24,
842,1542,,2023-12-22 09:39:10,
843,1543,,2023-12-18 22:16:30,
844,1544,,2023-12-18 15:55:12,
845,1545,,2023-12-29 17:01:15,
846,1546,,2023-12-28 13:44:27,
847,1547,,2023-12-24 01:59:10,
848,1548,,2023-12-22 09:54:36,
849,1549,,2023-12-30 12:43:50,
850,1550,,2023-12-21 17:50:00,
851,1551,,2023-12-22 15:39:10,
852,1552,,2023-12-20 06:06:01,
853,1553,,2023-12-21 02:12:43,
854,1554,,2023-12-30 10:56:09,
855,1555,,2023-12-28 13:10:16,
856,1556,,2023-12-30 15:17:09,
857,1557,,2023-12-24 05:17:08,
858,1558,,2023-12-23 16:46:24,
859,1559,,2023-12-23 23:07:59,
860,1560,,2023-12-30 09:45:57,
861,1561,,2023-12-29 13:37:48,
862,1562,,2023-12-19 17:25:11,
863,1563,,2023-12-23 09:40:27,
864,1564,,2023-12-26 23:15:57,
865,1565,,2023-12-18 12:39:52,
866,1566,,2023-12-29 05:53:11,
867,1567,,2023-12-28 05:13:39,
868,1568,,2023-12-21 08:14:51,
869,1569,,2023-12-25 21:55:19,
870,1570,,2023-12-28 20:02:46,
871,1571,,2023-12-20 09:26:33,
872,1572,,2023-12-23 22:50:47,
873,1573,,2023-12-18 10:52:00,
874,1574,,2023-12-23 10:45:25,
875,1575,,2023-12-20 22:57:42,
876,1576,,2023-12-24 03:40:56,
877,1577,,2023-12-29 07:02:54,
878,1578,,2023-12-31 14:27:15,
879,1579,,2023-12-30 16:31:16,
880,1580,,2023-12-24 17:25:32,
881,1581,,2023-12-24 11:11:18,
882,1582,,2023-12-19 00:22:39,
883,1583,,2023-12-28 20:31:56,
884,1584,,2023-12-30 19:44:07,
885,1585,,2023-12-25 00:18:40,
886,1586,,2023-12-31 16:17:55,
887,1587,,2023-12-22 13:16:52,
888,1588,,2023-12-28 02:59:43,
889,1589,,2023-12-28 09:39:03,
890,1590,,2023-12-27 01:17:43,
891,1591,,2023-12-25 17:15:37,
892,1592,,2023-12-31 17:35:34,
893,1593,,2023-12-19 07:14:09,
894,1594,,2023-12-30 02:17:25,
895,1595,,2023-12-26 08:01:28,
896,1596,,2023-12-25 06:14:16,
897,1597,,2023-12-24 14:23:04,
898,1598,,2023-12-23 18:21:51,
899,1599,,2023-12-20 17:02:14,
900,1600,,2023-12-27 04:55:08,
901,1601,,2023-12-27 18:14:46,
902,1602,,2023-12-20 02:20:06,
903,1603,,2023-12-24 16:14:37,
904,1604,,2023-12-18 20:53:27,
905,1605,,2023-12-22 20:02:33,
906,1606,,2023-12-26 02:50:01,
907,1607,,2023-12-28 19:25:58,
908,1608,,2023-12-23 00:10:10,
909,1609,,2023-12-29 18:23:10,
910,1610,,2023-12-29 22:09:05,
911,1611,,2023-12-24 04:51:26,
912,1612,,2023-12-26 02:08:58,
913,1613,,2023-12-22 21:47:26,
914,1614,,2023-12-30 07:07:59,
915,1615,,2023-12-28 03:29:51,
916,1616,,2023-12-26 01:23:13,
917,1617,,2023-12-23 19:37:51,
918,1618,,2023-12-30 10:57:16,
919,1619,,2023-12-27 21:55:35,
920,1620,,2023-12-25 05:03:34,
921,1621,,2023-12-29 06:19:27,
922,1622,,2023-12-24 09:22:29,
923,1623,,2023-12-30 07:19:28,
924,1624,,2023-12-30 09:41:50,
925,1625,,2023-12-19 09:26:56,
926,1626,,2023-12-30 21:26:19,
927,1627,,2023-12-30 01:29:01,
928,1628,,2023-12-18 12:29:46,
929,1629,,2023-12-22 17:22:57,
930,1630,,2023-12-27 04:55:33,
931,1631,,2023-12-28 05:43:19,
932,1632,,2023-12-28 04:38:49,
933,1633,,2023-12-24 19:19:21,
934,1634,,2023-12-24 13:19:10,
935,1635,,2023-12-23 22:35:52,
936,1636,,2023-12-24 03:42:05,
937,1637,,2023-12-31 14:45:03,
938,1638,,2023-12-29 19:39:59,
939,1639,,2023-12-30 00:14:46,
940,1640,,2023-12-27 06:05:28,
941,1641,,2023-12-28 05:17:10,
942,1642,,2023-12-18 06:00:34,
943,1643,,2023-12-25 12:58:06,
944,1644,,2023-12-23 00:54:26,
945,1645,,2023-12-19 21:13:03,
946,1646,,2023-12-30 09:26:13,
947,1647,,2023-12-23 18:38:39,
948,1648,,2023-12-24 21:07:49,
949,1649,,2023-12-23 21:12:23,
950,1650,,2023-12-19 01:12:44,
951,1651,,2023-12-25 01:49:06,
952,1652,,2023-12-18 14:55:17,
953,1653,,2023-12-29 23:44:38,
954,1654,,2023-12-29 02:43:36,
955,1655,,2023-12-28 16:25:54,
956,1656,,2023-12-29 14:21:19,
957,1657,,2023-12-20 17:07:05,
958,1658,,2023-12-21 06:28:41,
959,1659,,2023-12-19 06:52:56,
960,1660,,2023-12-21 23:31:27,
961,1661,,2023-12-25 04:42:05,
962,1662,,2023-12-25 10:33:34,
963,1663,,2023-12-23 11:03:06,
964,1664,,2023-12-28 13:40:27,
965,1665,,2023-12-27 14:18:47,
966,1666,,2023-12-30 16:24:55,
967,1667,,2023-12-20 19:39:23,
968,1668,,2023-12-31 17:21:24,
969,1669,,2023-12-31 22:36:50,
970,1670,,2023-12-24 10:19:41,
971,1671,,2023-12-21 05:57:05,
972,1672,,2023-12-24 17:38:41,
973,1673,,2023-12-25 12:20:38,
974,1674,,2023-12-18 22:40:03,
975,1675,,2023-12-28 05:54:53,
976,1676,,2023-12-18 11:34:16,
977,1677,,2023-12-23 15:42:51,
978,1678,,2023-12-27 05:49:48,
979,1679,,2023-12-31 03:17:33,
980,1680,,2023-12-25 09:32:44,
981,1681,,2023-12-26 17:45:11,
982,1682,,2023-12-27 19:34:51,
983,1683,,2023-12-26 20:05:33,
984,1684,,2023-12-26 21:51:36,
985,1685,,2023-12-30 16:26:05,
986,1686,,2023-12-18 15:45:10,
987,1687,,2023-12-20 11:44:57,
988,1688,,2023-12-24 20:45:28,
989,1689,,2023-12-22 17:11:43,
990,1690,,2023-12-26 01:47:34,
991,1691,,2023-12-18 13:12:24,
992,1692,,2023-12-26 12:58:27,
993,1693,,2023-12-20 12:22:22,
994,1694,,2023-12-22 20:50:10,
995,1695,,2023-12-23 18:42:12,
996,1696,,2023-12-31 04:51:30,
997,1697,,2023-12-18 05:17:38,
998,1698,,2023-12-20 18:55:04,
999,1699,,2023-12-26 10:44:50,
1000,1700,,2023-12-25 04:14:15,
1001,1701,,2023-12-28 02:17:03,
1002,1702,,2023-12-19 08:14:22,
1003,1703,,2023-12-31 06:54:31,
1004,1704,,2023-12-18 20:02:27,
1005,1705,,2023-12-26 14:58:28,
1006,1706,,2023-12-25 12:20:11,
1007,1707,,2023-12-18 04:39:03,
1008,1708,,2023-12-26 12:59:11,
1009,1709,,2023-12-23 23:20:16,
1010,1710,,2023-12-29 01:44:23,
1011,1711,,2023-12-29 23:07:28,
1012,1712,,2023-12-31 00:47:20,
1013,1713,,2023-12-25 01:20:54,
1014,1714,,2023-12-20 10:35:33,
1015,1715,,2023-12-29 18:51:24,
1016,1716,,2023-12-25 22:18:37,
1017,1717,,2023-12-26 07:28:34,
1018,1718,,2023-12-31 12:28:07,
1019,1719,,2023-12-18 01:23:12,
1020,1720,,2023-12-20 00:44:59,
1021,1721,,2023-12-29 23:12:21,
1022,1722,,2023-12-27 23:31:09,
1023,1723,,2023-12-25 21:37:23,
1024,1724,,2023-12-28 08:10:06,
1025,1725,,2023-12-22 01:14:06,
1026,1726,,2023-12-23 19:42:44,
1027,1727,,2023-12-19 10:34:27,
1028,1728,,2023-12-18 09:04:42,
1029,1729,,2023-12-27 18:33:32,
1030,1730,,2023-12-22 07:23:32,
1031,1731,,2023-12-30 14:55:51,
1032,1732,,2023-12-19 06:27:38,
1033,1733,,2023-12-21 21:57:40,
1034,1734,,2023-12-29 13:20:01,
1035,1735,,2023-12-28 15:55:59,
1036,1736,,2023-12-26 16:23:27,
1037,1737,,2023-12-28 10:06:10,
1038,1738,,2023-12-25 21:51:52,
1039,1739,,2023-12-22 02:31:24,
1040,1740,,2023-12-26 05:30:09,
1041,1741,,2023-12-29 08:59:01,
1042,1742,,2023-12-20 04:00:02,
1043,1743,,2023-12-22 18:04:48,
1044,1744,,2023-12-22 23:44:24,
1045,1745,,2023-12-22 03:14:23,
1046,1746,,2023-12-23 20:27:52,
1047,1747,,2023-12-28 10:37:07,
1048,1748,,2023-12-27 04:05:36,
1049,1749,,2023-12-25 21:08:57,
1050,1750,,2023-12-29 00:14:30,
1051,1751,,2023-12-19 11:13:05,
1052,1752,,2023-12-26 12:02:28,
1053,1753,,2023-12-23 09:23:20,
1054,1754,,2023-12-30 19:18:22,
1055,1755,,2023-12-27 21:16:38,
1056,1756,,2023-12-26 13:56:25,
1057,1757,,2023-12-26 06:09:59,
1058,1758,,2023-12-21 09:43:34,
1059,1759,,2023-12-31 22:28:44,
1060,1760,,2023-12-22 13:48:44,
1061,1761,,2023-12-29 05:08:28,
1062,1762,,2023-12-23 08:29:32,
1063,1763,,2023-12-18 03:51:10,
1064,1764,,2023-12-28 02:28:02,
1065,1765,,2023-12-28 18:52:27,
1066,1766,,2023-12-22 02:57:41,
1067,1767,,2023-12-29 01:42:07,
1068,1768,,2023-12-25 06:12:04,
1069,1769,,2023-12-18 13:55:38,
1070,1770,,2023-12-24 23:54:55,
1071,1771,,2023-12-25 08:35:13,
1072,1772,,2023-12-24 20:39:40,
1073,1773,,2023-12-22 01:57:56,
1074,1774,,2023-12-27 14:44:12,
1075,1775,,2023-12-30 09:37:25,
1076,1776,,2023-12-19 11:55:21,
1077,1777,,2023-12-18 17:24:38,
1078,1778,,2023-12-24 06:01:19,
1079,1779,,2023-12-25 06:05:21,
1080,1780,,2023-12-18 16:48:05,
1081,1781,,2023-12-22 10:41:33,
1082,1782,,2023-12-18 00:18:40,
1083,1783,,2023-12-28 02:44:34,
1084,1784,,2023-12-28 08:04:25,
1085,1785,,2023-12-24 18:30:17,
1086,1786,,2023-12-26 09:08:41,
1087,1787,,2023-12-21 00:13:39,
1088,1788,,2023-12-23 11:02:59,
1089,1789,,2023-12-24 22:11:02,
1090,1790,,2023-12-28 19:19:30,
1091,1791,,2023-12-26 01:07:29,
1092,1792,,2023-12-20 07:33:22,
1093,1793,,2023-12-24 18:22:04,
1094,1794,,2023-12-28 03:24:23,
1095,1795,,2023-12-31 07:20:52,
1096,1796,,2023-12-25 04:52:09,
1097,1797,,2023-12-22 00:44:38,
1098,1798,,2023-12-24 05:21:46,
1099,1799,,2023-12-31 00:41:34,
1100,1800,,2023-12-19 05:30:28,
1101,1801,,2023-12-19 18:38:04,
1102,1802,,2023-12-19 16:17:24,
1103,1803,,2023-12-29 07:55:08,
1104,1804,,2023-12-18 19:11:00,
1105,1805,,2023-12-29 06:31:25,
1106,1806,,2023-12-23 12:05:47,
1107,1807,,2023-12-27 04:08:34,
1108,1808,,2023-12-19 15:54:18,
1109,1809,,2023-12-20 04:55:30,
1110,1810,,2023-12-26 19:44:48,
1111,1811,,2023-12-24 21:15:28,
1112,1812,,2023-12-30 10:21:49,
1113,1813,,2023-12-28 15:39:55,
1114,1814,,2023-12-26 18:44:59,
1115,1815,,2023-12-28 19:02:42,
1116,1816,,2023-12-23 19:46:39,
1117,1817,,2023-12-18 07:11:58,
1118,1818,,2023-12-23 16:48:18,
1119,1819,,2023-12-21 05:18:08,
1120,1820,,2023-12-21 05:52:58,
1121,1821,,2023-12-28 21:56:04,
1122,1822,,2023-12-28 17:41:36,
1123,1823,,2023-12-24 04:11:13,
1124,1824,,2023-12-29 17:06:39,
1125,1825,,2023-12-31 10:12:22,
1126,1826,,2023-12-31 13:21:28,
1127,1827,,2023-12-22 22:24:36,
1128,1828,,2023-12-18 19:53:24,
1129,1829,,2023-12-22 07:42:33,
1130,1830,,2023-12-20 04:19:02,
1131,1831,,2023-12-30 08:51:37,
1132,1832,,2023-12-25 00:46:27,
1133,1833,,2023-12-24 04:21:29,
1134,1834,,2023-12-29 19:22:32,
1135,1835,,2023-12-24 22:29:54,
1136,1836,,2023-12-22 16:57:06,
1137,1837,,2023-12-26 19:33:17,
1138,1838,,2023-12-27 06:29:05,
1139,1839,,2023-12-31 10:21:47,
1140,1840,,2023-12-30 13:43:51,
1141,1841,,2023-12-27 17:22:03,
1142,1842,,2023-12-31 23:09:17,
1143,1843,,2023-12-23 11:50:09,
1144,1844,,2023-12-24 06:14:22,
1145,1845,,2023-12-18 23:13:51,
1146,1846,,2023-12-20 04:19:55,
1147,1847,,2023-12-31 19:03:53,
1148,1848,,2023-12-21 01:05:30,
1149,1849,,2023-12-18 22:08:31,
1150,1850,,2023-12-21 16:36:04,
1151,1851,,2023-12-31 22:04:38,
1152,1852,,2023-12-31 16:11:50,
1153,1853,,2023-12-19 19:43:56,
1154,1854,,2023-12-31 08:24:00,
1155,1855,,2023-12-20 05:53:23,
1156,1856,,2023-12-27 19:27:17,
1157,1857,,2023-12-19 14:23:38,
1158,1858,,2023-12-26 06:52:09,
1159,1859,,2023-12-21 05:02:53,
1160,1860,,2023-12-22 11:40:32,
1161,1861,,2023-12-18 13:11:28,
1162,1862,,2023-12-22 19:37:17,
1163,1863,,2023-12-23 22:42:40,
1164,1864,,2023-12-20 08:46:01,
1165,1865,,2023-12-31 23:30:36,
1166,1866,,2023-12-18 13:45:39,
1167,1867,,2023-12-21 06:21:34,
1168,1868,,2023-12-25 21:09:41,
1169,1869,,2023-12-29 19:59:53,
1170,1870,,2023-12-18 06:02:06,
1171,1871,,2023-12-28 15:31:55,
1172,1872,,2023-12-19 02:10:12,
1173,1873,,2023-12-18 13:47:54,
1174,1874,,2023-12-24 15:47:04,
1175,1875,,2023-12-23 19:28:26,
1176,1876,,2023-12-26 13:18:28,
1177,1877,,2023-12-30 06:02:24,
1178,1878,,2023-12-22 07:47:06,
1179,1879,,2023-12-29 10:10:25,
1180,1880,,2023-12-19 14:51:20,
1181,1881,,2023-12-20 03:00:56,
1182,1882,,2023-12-24 14:56:06,
1183,1883,,2023-12-24 21:17:42,
1184,1884,,2023-12-23 16:33:25,
1185,1885,,2023-12-27 04:02:42,
1186,1886,,2023-12-19 02:59:29,
1187,1887,,2023-12-31 21:29:59,
1188,1888,,2023-12-20 07:24:12,
1189,1889,,2023-12-20 00:11:06,
1190,1890,,2023-12-20 08:17:50,
1191,1891,,2023-12-31 13:13:41,
1192,1892,,2023-12-24 19:50:48,
1193,1893,,2023-12-23 09:11:46,
1194,1894,,2023-12-28 07:53:38,
1195,1895,,2023-12-30 01:00:39,
1196,1896,,2023-12-30 17:43:13,
1197,1897,,2023-12-18 17:19:09,
1198,1898,,2023-12-24 15:06:56,
1199,1899,,2023-12-22 18:05:33,
1200,1900,,2023-12-26 17:23:13,
1201,1901,,2023-12-22 02:07:29,
1202,1902,,2023-12-26 17:31:36,
1203,1903,,2023-12-29 10:58:43,
1204,1904,,2023-12-23 20:44:10,
1205,1905,,2023-12-27 23:21:51,
1206,1906,,2023-12-25 16:35:20,
1207,1907,,2023-12-27 22:23:24,
1208,1908,,2023-12-19 11:14:26,
1209,1909,,2023-12-31 16:45:04,
1210,1910,,2023-12-31 14:57:59,
1211,1911,,2023-12-27 19:48:46,
1212,1912,,2023-12-23 22:19:10,
1213,1913,,2023-12-19 05:34:56,
1214,1914,,2023-12-23 12:22:46,
1215,1915,,2023-12-23 18:54:23,
1216,1916,,2023-12-20 04:24:26,
1217,1917,,2023-12-23 01:09:36,
1218,1918,,2023-12-19 11:49:31,
1219,1919,,2023-12-30 05:23:34,
1220,1920,,2023-12-28 15:41:08,
1221,1921,,2023-12-31 15:06:20,
1222,1922,,2023-12-22 15:11:05,
1223,1923,,2023-12-23 11:37:02,
1224,1924,,2023-12-18 07:06:00,
1225,1925,,2023-12-22 16:03:14,
1226,1926,,2023-12-31 00:04:11,
1227,1927,,2023-12-24 20:37:38,
1228,1928,,2023-12-24 07:24:37,
1229,1929,,2023-12-23 00:09:37,
1230,1930,,2023-12-21 12:09:44,
1231,1931,,2023-12-25 18:00:04,
1232,1932,,2023-12-18 18:54:22,
1233,1933,,2023-12-31 12:51:26,
1234,1934,,2023-12-28 14:07:13,
1235,1935,,2023-12-20 20:51:13,
1236,1936,,2023-12-21 12:55:14,
1237,1937,,2023-12-23 16:50:16,
1238,1938,,2023-12-18 09:00:00,
1239,1939,,2023-12-19 16:44:43,
1240,1940,,2023-12-18 09:32:13,
1241,1941,,2023-12-22 13:22:06,
1242,1942,,2023-12-27 18:01:37,
1243,1943,,2023-12-30 17:21:40,
1244,1944,,2023-12-31 08:31:54,
1245,1945,,2023-12-23 21:08:32,
1246,1946,,2023-12-31 13:20:46,
1247,1947,,2023-12-31 08:04:20,
1248,1948,,2023-12-25 11:33:38,
1249,1949,,2023-12-27 05:24:32,
1250,1950,,2023-12-27 23:15:55,
1251,1951,,2023-12-26 07:40:34,
1252,1952,,2023-12-23 19:42:03,
1253,1953,,2023-12-21 11:35:35,
1254,1954,,2023-12-31 15:46:19,
1255,1955,,2023-12-23 10:04:45,
1256,1956,,2023-12-24 04:20:34,
1257,1957,,2023-12-29 07:08:09,
1258,1958,,2023-12-27 12:41:53,
1259,1959,,2023-12-28 04:03:41,
1260,1960,,2023-12-30 12:59:00,
1261,1961,,2023-12-24 11:14:53,
1262,1962,,2023-12-19 08:44:39,
1263,1963,,2023-12-20 04:24:06,
1264,1964,,2023-12-26 23:02:54,
1265,1965,,2023-12-18 12:55:46,
1266,1966,,2023-12-26 11:18:59,
1267,1967,,2023-12-28 09:27:04,
1268,1968,,2023-12-31 23:38:43,
1269,1969,,2023-12-27 20:46:02,
1270,1970,,2023-12-26 21:30:48,
1271,1971,,2023-12-19 08:13:55,
1272,1972,,2023-12-21 14:18:13,
1273,1973,,2023-12-22 10:54:11,
1274,1974,,2023-12-26 10:06:50,
1275,1975,,2023-12-26 20:59:29,
1276,1976,,2023-12-31 21:45:41,
1277,1977,,2023-12-28 18:22:09,
1278,1978,,2023-12-24 19:00:31,
1279,1979,,2023-12-25 06:33:07,
1280,1980,,2023-12-26 06:46:35,
1281,1981,,2023-12-26 13:38:02,
1282,1982,,2023-12-28 09:07:30,
1283,1983,,2023-12-21 12:54:33,
1284,1984,,2023-12-21 00:26:30,
1285,1985,,2023-12-28 21:37:33,
1286,1986,,2023-12-18 22:44:08,
1287,1987,,2023-12-24 00:58:47,
1288,1988,,2023-12-19 13:42:39,
1289,1989,,2023-12-29 01:22:50,
1290,1990,,2023-12-27 23:48:39,
1291,1991,,2023-12-18 07:13:14,
1292,1992,,2023-12-25 20:43:41,
1293,1993,,2023-12-20 20:12:45,
1294,1994,,2023-12-22 04:12:01,
