hold_id,queue_id,request_id_after_hold,start_hold,finished_hold,hold_status
1,1,501,2023-08-26 09:27:04,2023-08-30 19:05:00,Borrowed
2,2,502,2023-10-21 03:33:33,2023-10-23 22:58:18,Borrowed
3,3,503,2023-08-15 08:39:36,2023-08-22 04:43:26,Borrowed
4,4,504,2023-05-26 03:31:31,2023-06-01 03:27:20,Borrowed
5,5,505,2023-10-07 15:33:00,2023-10-10 14:53:46,Borrowed
6,6,506,2023-06-30 13:16:08,2023-07-02 08:25:17,Borrowed
7,7,507,2023-07-29 04:32:34,2023-08-02 15:31:49,Borrowed
8,8,508,2023-08-06 07:23:42,2023-08-10 11:34:55,Borrowed
9,9,509,2023-10-12 18:07:21,2023-10-18 15:37:42,Borrowed
10,10,510,2023-03-09 05:28:59,2023-03-11 04:16:02,Borrowed
11,11,511,2023-10-06 18:20:01,2023-10-12 21:47:40,Borrowed
12,12,512,2023-09-30 18:46:18,2023-10-05 13:11:07,Borrowed
13,13,513,2023-06-16 12:48:56,2023-06-20 18:38:39,Borrowed
14,14,514,2023-10-21 10:35:29,2023-10-25 00:12:00,Borrowed
15,15,515,2023-10-06 06:08:23,2023-10-11 23:10:52,Borrowed
16,16,516,2023-09-07 12:08:00,2023-09-12 11:23:28,Borrowed
17,17,517,2023-10-25 10:39:39,2023-10-29 07:55:39,Borrowed
18,18,518,2023-09-26 09:40:28,2023-09-30 22:46:21,Borrowed
19,19,519,2023-10-20 18:58:17,2023-10-26 15:31:31,Borrowed
20,20,520,2023-10-09 17:54:54,2023-10-15 13:06:36,Borrowed
21,21,521,2023-08-03 07:34:03,2023-08-10 03:46:26,Borrowed
22,22,522,2023-10-29 04:06:49,2023-10-29 14:41:40,Borrowed
23,23,523,2023-09-29 14:08:32,2023-10-04 00:45:57,Borrowed
24,24,524,2023-07-26 06:01:27,2023-08-01 00:54:24,Borrowed
25,25,525,2023-09-02 05:32:27,2023-09-03 06:02:19,Borrowed
26,26,526,2023-08-16 00:02:54,2023-08-20 02:49:39,Borrowed
27,27,527,2023-10-21 10:04:44,2023-10-27 04:34:20,Borrowed
28,28,528,2023-03-02 09:31:23,2023-03-07 18:52:59,Borrowed
29,29,529,2023-08-21 20:07:20,2023-08-23 19:27:27,Borrowed
30,30,530,2023-10-24 19:04:36,2023-10-26 04:02:43,Borrowed
31,31,531,2023-10-21 06:52:35,2023-10-26 08:53:26,Borrowed
32,32,532,2023-06-30 08:47:38,2023-06-30 18:18:46,Borrowed
33,33,533,2023-05-25 08:39:57,2023-05-27 07:23:23,Borrowed
34,34,534,2023-08-18 10:26:29,2023-08-20 14:55:57,Borrowed
35,35,535,2023-10-19 03:55:58,2023-10-22 17:10:21,Borrowed
36,36,536,2023-05-25 20:54:51,2023-05-27 22:06:27,Borrowed
37,37,537,2023-09-29 06:56:25,2023-10-02 10:03:50,Borrowed
38,38,538,2023-06-11 19:46:12,2023-06-15 07:15:25,Borrowed
39,39,539,2023-09-01 10:10:17,2023-09-02 18:53:11,Borrowed
40,40,540,2023-06-27 09:59:25,2023-07-03 13:03:08,Borrowed
41,41,541,2023-10-09 17:49:37,2023-10-12 14:46:36,Borrowed
42,42,542,2023-07-17 06:17:50,2023-07-22 06:27:15,Borrowed
43,43,543,2023-10-19 22:04:07,2023-10-21 02:17:26,Borrowed
44,44,544,2023-09-16 05:19:14,2023-09-19 15:59:25,Borrowed
45,45,545,2023-05-27 11:55:27,2023-05-30 08:59:28,Borrowed
46,46,546,2023-10-27 14:25:10,2023-10-31 22:05:26,Borrowed
47,47,547,2023-10-12 00:53:03,2023-10-16 12:50:04,Borrowed
48,48,548,2023-09-03 10:08:21,2023-09-06 14:05:33,Borrowed
49,49,549,2023-10-14 16:05:37,2023-10-19 05:13:41,Borrowed
50,50,550,2023-06-15 09:19:04,2023-06-20 10:38:33,Borrowed
51,51,551,2023-10-02 16:12:12,2023-10-04 01:22:32,Borrowed
52,52,552,2023-08-09 16:29:29,2023-08-11 17:49:40,Borrowed
53,53,553,2023-10-26 05:54:36,2023-10-30 21:27:54,Borrowed
54,54,554,2023-06-26 22:26:49,2023-07-01 09:17:53,Borrowed
55,55,555,2023-10-14 21:53:41,2023-10-21 21:08:24,Borrowed
56,56,556,2023-05-03 20:44:52,2023-05-06 20:27:31,Borrowed
57,57,557,2023-10-27 21:40:45,2023-10-28 20:27:20,Borrowed
58,58,558,2023-10-13 03:51:37,2023-10-19 19:27:34,Borrowed
59,59,559,2023-02-01 23:03:40,2023-02-03 20:31:10,Borrowed
60,60,560,2023-05-08 07:47:11,2023-05-11 19:53:47,Borrowed
61,61,561,2023-08-09 09:29:44,2023-08-13 00:04:06,Borrowed
62,62,562,2023-10-03 20:07:50,2023-10-10 02:34:34,Borrowed
63,63,563,2023-10-02 18:43:52,2023-10-03 01:23:01,Borrowed
64,64,564,2023-08-19 09:29:05,2023-08-20 21:36:03,Borrowed
65,65,565,2023-08-25 01:17:52,2023-08-26 00:31:38,Borrowed
66,66,566,2023-07-16 15:33:57,2023-07-22 18:51:53,Borrowed
67,67,567,2023-05-29 17:50:07,2023-05-31 01:46:55,Borrowed
68,68,568,2023-09-03 10:19:27,2023-09-09 11:37:43,Borrowed
69,69,569,2023-02-15 11:30:31,2023-02-19 10:31:43,Borrowed
70,70,570,2023-10-19 20:53:42,2023-10-24 20:55:34,Borrowed
71,71,571,2023-07-01 07:02:51,2023-07-02 16:17:46,Borrowed
72,72,572,2023-08-11 01:28:46,2023-08-12 10:56:43,Borrowed
73,73,573,2023-04-05 07:25:31,2023-04-10 10:48:12,Borrowed
74,74,574,2023-04-21 08:15:55,2023-04-27 13:18:17,Borrowed
75,75,575,2023-09-09 21:26:27,2023-09-14 17:57:38,Borrowed
76,76,576,2023-07-02 06:21:16,2023-07-03 06:13:44,Borrowed
77,77,577,2023-07-13 03:06:45,2023-07-19 15:43:05,Borrowed
78,78,578,2023-10-19 23:55:05,2023-10-22 08:38:26,Borrowed
79,79,579,2023-10-11 20:40:36,2023-10-17 08:35:27,Borrowed
80,80,580,2023-10-07 14:15:17,2023-10-12 17:07:38,Borrowed
81,81,581,2023-10-07 23:25:08,2023-10-11 18:19:52,Borrowed
82,82,582,2023-04-18 05:38:45,2023-04-18 10:43:24,Borrowed
83,83,583,2023-09-21 00:32:23,2023-09-22 21:16:02,Borrowed
84,84,584,2023-09-29 19:24:12,2023-10-04 17:23:43,Borrowed
85,85,585,2023-10-05 16:26:48,2023-10-08 17:20:51,Borrowed
86,86,586,2023-10-02 06:27:37,2023-10-07 23:24:43,Borrowed
87,87,587,2023-08-09 11:58:15,2023-08-14 18:26:22,Borrowed
88,88,588,2023-06-06 15:12:54,2023-06-12 09:45:24,Borrowed
89,89,589,2023-07-13 14:26:55,2023-07-18 01:19:59,Borrowed
90,90,590,2023-10-12 16:57:22,2023-10-14 00:57:08,Borrowed
91,91,591,2023-06-23 15:29:13,2023-06-26 09:32:58,Borrowed
92,92,592,2023-03-27 21:57:40,2023-03-30 17:10:38,Borrowed
93,93,593,2023-10-15 04:18:25,2023-10-18 12:42:39,Borrowed
94,94,594,2023-08-09 06:38:15,2023-08-09 10:22:26,Borrowed
95,95,595,2023-09-25 17:34:12,2023-09-29 00:51:44,Borrowed
96,96,596,2023-08-18 10:37:51,2023-08-22 20:00:18,Borrowed
97,97,597,2023-09-27 17:40:37,2023-09-29 09:43:24,Borrowed
98,98,598,2023-10-29 05:42:34,2023-10-31 21:36:04,Borrowed
99,99,599,2023-04-28 06:42:28,2023-05-03 04:33:50,Borrowed
100,100,600,2023-03-03 23:20:54,2023-03-04 08:59:04,Borrowed
101,101,601,2023-10-08 22:15:18,2023-10-11 17:03:41,Borrowed
102,102,602,2023-08-26 14:06:42,2023-08-27 15:05:48,Borrowed
103,103,603,2023-09-11 04:10:04,2023-09-13 11:40:52,Borrowed
104,104,604,2023-05-19 02:28:24,2023-05-26 02:14:20,Borrowed
105,105,605,2023-10-16 20:35:04,2023-10-19 05:47:36,Borrowed
106,106,606,2023-10-15 21:39:05,2023-10-16 19:29:00,Borrowed
107,107,607,2023-08-01 18:07:51,2023-08-01 22:26:54,Borrowed
108,108,608,2023-08-09 07:39:25,2023-08-12 22:46:33,Borrowed
109,109,609,2023-10-01 16:33:02,2023-10-05 11:46:19,Borrowed
110,110,610,2023-09-19 04:36:26,2023-09-26 02:03:49,Borrowed
111,111,611,2023-09-25 09:38:55,2023-09-28 16:40:53,Borrowed
112,112,612,2023-06-11 10:33:29,2023-06-14 04:35:53,Borrowed
113,113,613,2023-09-29 06:13:15,2023-10-04 23:59:13,Borrowed
114,114,614,2023-09-21 00:22:23,2023-09-22 02:41:07,Borrowed
115,115,615,2023-09-18 17:08:56,2023-09-20 20:47:34,Borrowed
116,116,616,2023-04-11 21:50:29,2023-04-14 08:55:29,Borrowed
117,117,617,2023-08-14 16:36:57,2023-08-18 00:38:56,Borrowed
118,118,618,2023-04-29 02:00:08,2023-05-02 01:56:21,Borrowed
119,119,619,2023-07-08 02:16:51,2023-07-12 01:14:32,Borrowed
120,120,620,2023-10-28 07:53:23,2023-10-31 08:10:17,Borrowed
121,121,621,2023-06-28 22:10:00,2023-07-04 07:40:21,Borrowed
122,122,622,2023-09-07 02:42:31,2023-09-08 19:56:32,Borrowed
123,123,623,2023-07-21 02:38:16,2023-07-24 10:03:13,Borrowed
124,124,624,2023-08-15 19:12:54,2023-08-19 04:21:31,Borrowed
125,125,625,2023-10-04 05:29:51,2023-10-09 14:05:33,Borrowed
126,126,626,2023-09-07 01:42:43,2023-09-11 13:45:11,Borrowed
127,127,627,2023-07-28 08:17:05,2023-08-04 06:11:19,Borrowed
128,128,628,2023-04-06 14:08:34,2023-04-13 11:36:40,Borrowed
129,129,629,2023-09-04 05:49:15,2023-09-08 07:33:24,Borrowed
130,130,630,2023-09-09 03:12:10,2023-09-12 07:10:11,Borrowed
131,131,631,2023-08-31 03:06:41,2023-09-03 16:43:10,Borrowed
132,132,632,2023-03-09 11:56:28,2023-03-14 11:02:01,Borrowed
133,133,633,2023-08-06 09:39:58,2023-08-08 23:55:01,Borrowed
134,134,634,2023-09-10 18:39:16,2023-09-16 03:23:39,Borrowed
135,135,635,2023-10-21 19:37:25,2023-10-27 12:45:57,Borrowed
136,136,636,2023-09-26 00:25:19,2023-09-28 00:37:36,Borrowed
137,137,637,2023-10-22 18:36:06,2023-10-28 11:05:26,Borrowed
138,138,638,2023-08-02 23:30:03,2023-08-07 04:19:40,Borrowed
139,139,639,2023-10-17 22:48:54,2023-10-24 02:47:50,Borrowed
140,140,640,2023-06-26 04:41:05,2023-06-28 20:37:43,Borrowed
141,141,641,2023-01-31 13:16:40,2023-02-02 02:07:20,Borrowed
142,142,642,2023-09-08 13:20:00,2023-09-12 08:40:19,Borrowed
143,143,643,2023-09-21 20:56:38,2023-09-25 14:10:37,Borrowed
144,144,644,2023-05-30 23:14:33,2023-06-03 00:44:44,Borrowed
145,145,645,2023-06-23 10:45:41,2023-06-25 14:39:16,Borrowed
146,146,646,2023-06-19 09:54:30,2023-06-25 05:04:14,Borrowed
147,147,647,2023-07-07 15:11:22,2023-07-09 22:56:59,Borrowed
148,148,648,2023-10-22 23:32:56,2023-10-28 23:27:10,Borrowed
149,149,649,2023-07-14 09:34:13,2023-07-21 04:41:29,Borrowed
150,150,650,2023-09-18 20:50:42,2023-09-21 02:41:35,Borrowed
151,151,651,2023-09-01 16:28:01,2023-09-06 23:14:40,Borrowed
152,152,652,2023-03-11 05:10:46,2023-03-12 08:43:41,Borrowed
153,153,653,2023-10-29 18:45:57,2023-10-30 01:01:38,Borrowed
154,154,654,2023-08-17 03:34:08,2023-08-19 21:34:08,Borrowed
155,155,655,2023-10-03 18:23:25,2023-10-07 05:40:33,Borrowed
156,156,656,2023-02-17 20:40:34,2023-02-24 17:12:09,Borrowed
157,157,657,2023-10-19 21:52:16,2023-10-24 15:09:03,Borrowed
158,158,658,2023-10-06 01:06:42,2023-10-07 15:47:43,Borrowed
159,159,659,2023-08-22 10:49:16,2023-08-27 13:39:53,Borrowed
160,160,660,2023-09-29 14:53:51,2023-09-29 21:23:34,Borrowed
161,161,661,2023-10-07 13:55:06,2023-10-10 07:26:13,Borrowed
162,162,662,2023-10-16 13:31:23,2023-10-18 09:19:28,Borrowed
163,163,663,2023-07-07 13:40:03,2023-07-09 21:56:23,Borrowed
164,164,664,2023-08-04 20:17:48,2023-08-04 23:38:50,Borrowed
165,165,665,2023-10-01 23:18:41,2023-10-06 21:12:17,Borrowed
166,166,666,2023-03-02 17:29:37,2023-03-08 21:31:23,Borrowed
167,167,667,2023-04-26 00:02:13,2023-04-30 14:17:34,Borrowed
168,168,668,2023-07-10 07:21:31,2023-07-11 07:48:43,Borrowed
169,169,669,2023-10-21 23:56:05,2023-10-27 17:14:40,Borrowed
170,170,670,2023-07-28 18:13:26,2023-07-28 23:31:07,Borrowed
171,171,671,2023-09-06 12:15:19,2023-09-06 21:59:08,Borrowed
172,172,672,2023-07-18 11:09:46,2023-07-21 13:45:46,Borrowed
173,173,673,2023-10-01 06:25:56,2023-10-06 07:58:51,Borrowed
174,174,674,2023-08-23 07:45:01,2023-08-29 15:54:26,Borrowed
175,175,675,2023-06-15 10:38:30,2023-06-19 04:03:24,Borrowed
176,176,676,2023-05-04 00:10:14,2023-05-08 07:21:43,Borrowed
177,177,677,2023-09-23 12:43:15,2023-09-25 02:19:42,Borrowed
178,178,678,2023-09-28 11:35:28,2023-10-01 10:58:01,Borrowed
179,179,679,2023-10-21 15:36:14,2023-10-24 22:25:26,Borrowed
180,180,680,2023-07-08 13:33:09,2023-07-10 00:19:18,Borrowed
181,181,681,2023-07-09 09:24:08,2023-07-14 07:30:38,Borrowed
182,182,682,2023-08-02 02:52:02,2023-08-04 07:30:50,Borrowed
183,183,683,2023-06-03 00:43:11,2023-06-05 08:47:09,Borrowed
184,184,684,2023-09-16 09:50:22,2023-09-18 22:11:20,Borrowed
185,185,685,2023-07-14 02:25:28,2023-07-18 06:23:32,Borrowed
186,186,686,2023-09-23 01:25:04,2023-09-23 06:07:44,Borrowed
187,187,687,2023-09-09 09:12:41,2023-09-15 04:15:40,Borrowed
188,188,688,2023-09-15 16:53:21,2023-09-16 13:32:26,Borrowed
189,189,689,2023-10-19 15:03:37,2023-10-23 12:44:50,Borrowed
190,190,690,2023-08-15 21:30:03,2023-08-21 12:31:32,Borrowed
191,191,691,2023-09-15 00:35:38,2023-09-20 14:13:41,Borrowed
192,192,692,2023-04-18 22:32:15,2023-04-19 07:44:58,Borrowed
193,193,693,2023-08-18 11:20:30,2023-08-19 01:31:13,Borrowed
194,194,694,2023-08-08 19:21:20,2023-08-12 10:13:16,Borrowed
195,195,695,2023-05-08 15:15:19,2023-05-11 21:21:36,Borrowed
196,196,696,2023-06-27 03:57:34,2023-06-27 21:13:42,Borrowed
197,197,697,2023-10-24 23:09:47,2023-10-29 10:10:10,Borrowed
198,198,698,2023-04-30 05:25:02,2023-05-05 10:21:53,Borrowed
199,199,699,2023-09-11 19:34:08,2023-09-15 19:44:47,Borrowed
200,200,700,2023-10-26 16:54:02,2023-10-29 16:40:16,Borrowed
201,201,701,2023-02-13 08:54:49,2023-02-18 06:04:41,Borrowed
202,202,702,2023-10-14 07:34:56,2023-10-21 04:53:12,Borrowed
203,203,703,2023-10-20 04:59:30,2023-10-20 10:51:56,Borrowed
204,204,704,2023-02-26 01:09:13,2023-02-27 17:19:09,Borrowed
205,205,705,2023-10-22 20:41:55,2023-10-22 21:01:22,Borrowed
206,206,706,2023-10-03 18:33:05,2023-10-08 15:10:50,Borrowed
207,207,707,2023-10-17 22:14:34,2023-10-23 19:42:12,Borrowed
208,208,708,2023-10-25 18:15:43,2023-10-27 19:59:54,Borrowed
209,209,709,2023-03-13 18:31:15,2023-03-17 06:23:11,Borrowed
210,210,710,2023-10-04 03:53:27,2023-10-05 01:32:23,Borrowed
211,211,711,2023-05-10 18:12:04,2023-05-13 20:14:54,Borrowed
212,212,712,2023-10-17 04:04:16,2023-10-19 19:30:35,Borrowed
213,213,713,2023-07-12 06:28:10,2023-07-17 06:28:05,Borrowed
214,214,714,2023-01-17 09:31:21,2023-01-18 17:27:24,Borrowed
215,215,715,2023-07-12 12:04:40,2023-07-19 05:56:32,Borrowed
216,216,716,2023-10-20 10:12:48,2023-10-23 12:40:08,Borrowed
217,217,717,2023-10-20 13:35:50,2023-10-21 06:53:29,Borrowed
218,218,718,2023-07-19 07:09:25,2023-07-23 15:12:45,Borrowed
219,219,719,2023-10-22 16:26:47,2023-10-23 16:37:35,Borrowed
220,220,720,2023-09-22 20:26:20,2023-09-23 10:11:01,Borrowed
221,221,721,2023-10-10 05:23:45,2023-10-12 11:59:10,Borrowed
222,222,722,2023-09-07 11:22:33,2023-09-10 22:14:00,Borrowed
223,223,723,2023-10-24 20:48:20,2023-10-25 23:35:07,Borrowed
224,224,724,2023-10-05 13:44:14,2023-10-06 22:53:19,Borrowed
225,225,725,2023-06-27 20:09:22,2023-06-28 19:55:17,Borrowed
226,226,726,2023-09-15 06:57:32,2023-09-21 22:49:55,Borrowed
227,227,727,2023-08-21 10:21:33,2023-08-23 18:12:48,Borrowed
228,228,728,2023-08-05 18:18:13,2023-08-08 22:06:12,Borrowed
229,229,729,2023-10-13 21:31:28,2023-10-20 12:53:59,Borrowed
230,230,730,2023-07-30 18:31:03,2023-08-04 18:11:58,Borrowed
231,231,731,2023-09-05 04:19:02,2023-09-10 06:01:25,Borrowed
232,232,732,2023-07-24 21:15:27,2023-07-30 00:34:06,Borrowed
233,233,733,2023-03-13 13:30:13,2023-03-18 08:34:54,Borrowed
234,234,734,2023-10-24 09:57:07,2023-10-28 04:00:45,Borrowed
235,235,735,2023-10-21 15:53:36,2023-10-24 04:56:00,Borrowed
236,236,736,2023-06-27 22:53:26,2023-06-30 16:02:26,Borrowed
237,237,737,2023-05-31 16:05:51,2023-06-05 14:00:11,Borrowed
238,238,738,2023-09-09 21:19:01,2023-09-15 08:53:57,Borrowed
239,239,739,2023-10-26 00:00:51,2023-10-28 11:05:37,Borrowed
240,240,740,2023-09-11 17:22:59,2023-09-12 17:04:07,Borrowed
241,241,741,2023-10-11 03:57:56,2023-10-16 15:36:46,Borrowed
242,242,742,2023-09-19 02:22:25,2023-09-25 14:35:43,Borrowed
243,243,743,2023-06-29 15:29:30,2023-06-30 23:00:31,Borrowed
244,244,744,2023-10-17 06:14:34,2023-10-23 11:20:05,Borrowed
245,245,745,2023-08-08 01:40:40,2023-08-12 19:35:20,Borrowed
246,246,746,2023-05-25 12:53:49,2023-05-25 21:39:36,Borrowed
247,247,747,2023-09-26 02:26:53,2023-10-01 05:56:00,Borrowed
248,248,748,2023-10-25 10:11:21,2023-10-26 01:28:25,Borrowed
249,249,749,2023-10-23 19:39:20,2023-10-28 07:40:32,Borrowed
250,250,750,2023-04-21 08:11:17,2023-04-21 14:09:33,Borrowed
251,251,751,2023-09-08 11:15:58,2023-09-11 02:21:39,Borrowed
252,252,752,2023-07-14 21:53:43,2023-07-20 10:57:18,Borrowed
253,253,753,2023-01-10 00:45:47,2023-01-13 08:57:47,Borrowed
254,254,754,2023-07-12 01:31:08,2023-07-17 23:01:13,Borrowed
255,255,755,2023-07-11 00:31:55,2023-07-12 08:30:49,Borrowed
256,256,756,2023-10-07 04:56:06,2023-10-14 01:32:48,Borrowed
257,257,757,2023-10-27 00:52:01,2023-10-31 13:55:23,Borrowed
258,258,758,2023-08-02 06:24:56,2023-08-08 00:32:15,Borrowed
259,259,759,2023-09-21 11:20:34,2023-09-25 21:22:43,Borrowed
260,260,760,2023-10-01 02:10:47,2023-10-01 02:49:18,Borrowed
261,261,761,2023-10-14 13:31:11,2023-10-21 11:24:38,Borrowed
262,262,762,2023-05-09 23:27:15,2023-05-12 01:07:58,Borrowed
263,263,763,2023-08-18 02:34:16,2023-08-19 14:31:15,Borrowed
264,264,764,2023-09-05 22:27:12,2023-09-06 10:14:21,Borrowed
265,265,765,2023-04-30 04:48:32,2023-05-05 00:20:50,Borrowed
266,266,766,2023-08-25 15:18:04,2023-08-29 21:16:01,Borrowed
267,267,767,2023-02-27 21:32:31,2023-03-01 06:42:00,Borrowed
268,268,768,2023-07-19 15:04:01,2023-07-19 18:49:26,Borrowed
269,269,769,2023-10-10 00:42:25,2023-10-10 23:31:55,Borrowed
270,270,770,2023-10-22 19:15:55,2023-10-26 10:13:44,Borrowed
271,271,771,2023-04-26 09:11:39,2023-04-27 20:16:06,Borrowed
272,272,772,2023-08-23 14:44:01,2023-08-29 22:09:15,Borrowed
273,273,773,2023-10-04 22:24:40,2023-10-11 13:10:35,Borrowed
274,274,774,2023-05-25 14:51:31,2023-05-30 03:08:46,Borrowed
275,275,775,2023-09-23 23:51:26,2023-09-24 07:57:06,Borrowed
276,276,776,2023-08-16 11:47:54,2023-08-17 13:08:12,Borrowed
277,277,777,2023-09-24 06:47:03,2023-09-30 02:02:44,Borrowed
278,278,778,2023-06-01 22:00:05,2023-06-02 20:31:20,Borrowed
279,279,779,2023-10-11 13:29:19,2023-10-13 13:52:54,Borrowed
280,280,780,2023-10-18 10:23:57,2023-10-22 16:09:13,Borrowed
281,281,781,2023-06-21 14:06:22,2023-06-27 23:48:15,Borrowed
282,282,782,2023-05-31 06:19:44,2023-06-06 01:21:52,Borrowed
283,283,783,2023-10-25 11:04:37,2023-10-28 01:58:38,Borrowed
284,284,784,2023-08-26 03:00:56,2023-08-29 09:59:22,Borrowed
285,285,785,2023-08-07 00:41:53,2023-08-10 00:55:09,Borrowed
286,286,786,2023-08-31 19:11:00,2023-09-06 05:49:09,Borrowed
287,287,787,2023-08-17 11:23:58,2023-08-18 12:34:59,Borrowed
288,288,788,2023-09-22 22:33:26,2023-09-28 10:08:47,Borrowed
289,289,789,2023-10-21 22:13:19,2023-10-21 22:28:19,Borrowed
290,290,790,2023-10-25 10:36:36,2023-10-30 06:56:10,Borrowed
291,291,791,2023-09-12 16:33:55,2023-09-14 02:49:06,Borrowed
292,292,792,2023-08-28 08:48:30,2023-08-29 13:16:41,Borrowed
293,293,793,2023-10-12 09:15:36,2023-10-16 09:18:13,Borrowed
294,294,794,2023-02-12 13:02:41,2023-02-14 03:42:14,Borrowed
295,295,795,2023-10-17 15:15:51,2023-10-22 05:33:16,Borrowed
296,296,796,2023-10-18 20:27:08,2023-10-23 20:55:55,Borrowed
297,297,797,2023-09-08 13:36:50,2023-09-13 22:06:48,Borrowed
298,298,798,2023-10-15 07:11:23,2023-10-21 07:30:43,Borrowed
299,299,799,2023-08-24 14:16:26,2023-08-26 08:37:31,Borrowed
300,300,800,2023-08-14 11:31:18,2023-08-17 06:21:00,Borrowed
