queue_id,request_id,is_queue_active
3001,3001,True
3002,3002,True
3003,3003,True
3004,3004,True
3005,3005,True
3006,3006,True
3007,3007,True
3008,3008,True
3009,3009,True
3010,3010,True
3011,3011,True
3012,3012,True
3013,3013,True
3014,3014,True
3015,3015,True
3016,3016,True
3017,3017,True
3018,3018,True
3019,3019,True
3020,3020,True
3021,3021,True
3022,3022,True
3023,3023,True
3024,3024,True
3025,3025,True
3026,3026,True
3027,3027,True
3028,3028,True
3029,3029,True
3030,3030,True
3031,3031,True
3032,3032,True
3033,3033,True
3034,3034,True
3035,3035,True
3036,3036,True
3037,3037,True
3038,3038,True
3039,3039,True
3040,3040,True
3041,3041,True
3042,3042,True
3043,3043,True
3044,3044,True
3045,3045,True
3046,3046,True
3047,3047,True
3048,3048,True
3049,3049,True
3050,3050,True
3051,3051,True
3052,3052,True
3053,3053,True
3054,3054,True
3055,3055,True
3056,3056,True
3057,3057,True
3058,3058,True
3059,3059,True
3060,3060,True
3061,3061,True
3062,3062,True
3063,3063,True
3064,3064,True
3065,3065,True
3066,3066,True
3067,3067,True
3068,3068,True
3069,3069,True
3070,3070,True
3071,3071,True
3072,3072,True
3073,3073,True
3074,3074,True
3075,3075,True
3076,3076,True
3077,3077,True
3078,3078,True
3079,3079,True
3080,3080,True
3081,3081,True
3082,3082,True
3083,3083,True
3084,3084,True
3085,3085,True
3086,3086,True
3087,3087,True
3088,3088,True
3089,3089,True
3090,3090,True
3091,3091,True
3092,3092,True
3093,3093,True
3094,3094,True
3095,3095,True
3096,3096,True
3097,3097,True
3098,3098,True
3099,3099,True
3100,3100,True
3101,3101,True
3102,3102,True
3103,3103,True
3104,3104,True
3105,3105,True
3106,3106,True
3107,3107,True
3108,3108,True
3109,3109,True
3110,3110,True
3111,3111,True
3112,3112,True
3113,3113,True
3114,3114,True
3115,3115,True
3116,3116,True
3117,3117,True
3118,3118,True
3119,3119,True
3120,3120,True
3121,3121,True
3122,3122,True
3123,3123,True
3124,3124,True
3125,3125,True
3126,3126,True
3127,3127,True
3128,3128,True
3129,3129,True
3130,3130,True
3131,3131,True
3132,3132,True
3133,3133,True
3134,3134,True
3135,3135,True
3136,3136,True
3137,3137,True
3138,3138,True
3139,3139,True
3140,3140,True
3141,3141,True
3142,3142,True
3143,3143,True
3144,3144,True
3145,3145,True
3146,3146,True
3147,3147,True
3148,3148,True
3149,3149,True
3150,3150,True
3151,3151,True
3152,3152,True
3153,3153,True
3154,3154,True
3155,3155,True
3156,3156,True
3157,3157,True
3158,3158,True
3159,3159,True
3160,3160,True
3161,3161,True
3162,3162,True
3163,3163,True
3164,3164,True
3165,3165,True
3166,3166,True
3167,3167,True
3168,3168,True
3169,3169,True
3170,3170,True
3171,3171,True
3172,3172,True
3173,3173,True
3174,3174,True
3175,3175,True
3176,3176,True
3177,3177,True
3178,3178,True
3179,3179,True
3180,3180,True
3181,3181,True
3182,3182,True
3183,3183,True
3184,3184,True
3185,3185,True
3186,3186,True
3187,3187,True
3188,3188,True
3189,3189,True
3190,3190,True
3191,3191,True
3192,3192,True
3193,3193,True
3194,3194,True
3195,3195,True
3196,3196,True
3197,3197,True
3198,3198,True
3199,3199,True
3200,3200,True
3201,3201,True
3202,3202,True
3203,3203,True
3204,3204,True
3205,3205,True
3206,3206,True
3207,3207,True
3208,3208,True
3209,3209,True
3210,3210,True
3211,3211,True
3212,3212,True
3213,3213,True
3214,3214,True
3215,3215,True
3216,3216,True
3217,3217,True
3218,3218,True
3219,3219,True
3220,3220,True
3221,3221,True
3222,3222,True
3223,3223,True
3224,3224,True
3225,3225,True
3226,3226,True
3227,3227,True
3228,3228,True
3229,3229,True
3230,3230,True
3231,3231,True
3232,3232,True
3233,3233,True
3234,3234,True
3235,3235,True
3236,3236,True
3237,3237,True
3238,3238,True
3239,3239,True
3240,3240,True
3241,3241,True
3242,3242,True
3243,3243,True
3244,3244,True
3245,3245,True
3246,3246,True
3247,3247,True
3248,3248,True
3249,3249,True
3250,3250,True
3251,3251,True
3252,3252,True
3253,3253,True
3254,3254,True
3255,3255,True
3256,3256,True
3257,3257,True
3258,3258,True
3259,3259,True
3260,3260,True
3261,3261,True
3262,3262,True
3263,3263,True
3264,3264,True
3265,3265,True
3266,3266,True
3267,3267,True
3268,3268,True
3269,3269,True
3270,3270,True
3271,3271,True
3272,3272,True
3273,3273,True
3274,3274,True
3275,3275,True
3276,3276,True
3277,3277,True
3278,3278,True
3279,3279,True
3280,3280,True
3281,3281,True
3282,3282,True
3283,3283,True
3284,3284,True
3285,3285,True
3286,3286,True
3287,3287,True
3288,3288,True
3289,3289,True
3290,3290,True
3291,3291,True
3292,3292,True
3293,3293,True
3294,3294,True
3295,3295,True
3296,3296,True
3297,3297,True
3298,3298,True
3299,3299,True
3300,3300,True
3301,3301,True
3302,3302,True
3303,3303,True
3304,3304,True
3305,3305,True
3306,3306,True
3307,3307,True
3308,3308,True
3309,3309,True
3310,3310,True
3311,3311,True
3312,3312,True
3313,3313,True
3314,3314,True
3315,3315,True
3316,3316,True
3317,3317,True
3318,3318,True
3319,3319,True
3320,3320,True
3321,3321,True
3322,3322,True
3323,3323,True
3324,3324,True
3325,3325,True
3326,3326,True
3327,3327,True
3328,3328,True
3329,3329,True
3330,3330,True
3331,3331,True
3332,3332,True
3333,3333,True
3334,3334,True
3335,3335,True
3336,3336,True
3337,3337,True
3338,3338,True
3339,3339,True
3340,3340,True
3341,3341,True
3342,3342,True
3343,3343,True
3344,3344,True
3345,3345,True
3346,3346,True
3347,3347,True
3348,3348,True
3349,3349,True
3350,3350,True
3351,3351,True
3352,3352,True
3353,3353,True
3354,3354,True
3355,3355,True
3356,3356,True
3357,3357,True
3358,3358,True
3359,3359,True
3360,3360,True
3361,3361,True
3362,3362,True
3363,3363,True
3364,3364,True
3365,3365,True
3366,3366,True
3367,3367,True
3368,3368,True
3369,3369,True
3370,3370,True
3371,3371,True
3372,3372,True
3373,3373,True
3374,3374,True
3375,3375,True
3376,3376,True
3377,3377,True
3378,3378,True
3379,3379,True
3380,3380,True
3381,3381,True
3382,3382,True
3383,3383,True
3384,3384,True
3385,3385,True
3386,3386,True
3387,3387,True
3388,3388,True
3389,3389,True
3390,3390,True
3391,3391,True
3392,3392,True
3393,3393,True
3394,3394,True
3395,3395,True
3396,3396,True
3397,3397,True
3398,3398,True
3399,3399,True
3400,3400,True
3401,3401,True
3402,3402,True
3403,3403,True
3404,3404,True
3405,3405,True
3406,3406,True
3407,3407,True
3408,3408,True
3409,3409,True
3410,3410,True
3411,3411,True
3412,3412,True
3413,3413,True
3414,3414,True
3415,3415,True
3416,3416,True
3417,3417,True
3418,3418,True
3419,3419,True
3420,3420,True
3421,3421,True
3422,3422,True
3423,3423,True
3424,3424,True
3425,3425,True
3426,3426,True
3427,3427,True
3428,3428,True
3429,3429,True
3430,3430,True
3431,3431,True
3432,3432,True
3433,3433,True
3434,3434,True
3435,3435,True
3436,3436,True
3437,3437,True
3438,3438,True
3439,3439,True
3440,3440,True
3441,3441,True
3442,3442,True
3443,3443,True
3444,3444,True
3445,3445,True
3446,3446,True
3447,3447,True
3448,3448,True
3449,3449,True
3450,3450,True
3451,3451,True
3452,3452,True
3453,3453,True
3454,3454,True
3455,3455,True
3456,3456,True
3457,3457,True
3458,3458,True
3459,3459,True
3460,3460,True
3461,3461,True
3462,3462,True
3463,3463,True
3464,3464,True
3465,3465,True
3466,3466,True
3467,3467,True
3468,3468,True
3469,3469,True
3470,3470,True
3471,3471,True
3472,3472,True
3473,3473,True
3474,3474,True
3475,3475,True
3476,3476,True
3477,3477,True
3478,3478,True
3479,3479,True
3480,3480,True
3481,3481,True
3482,3482,True
3483,3483,True
3484,3484,True
3485,3485,True
3486,3486,True
3487,3487,True
3488,3488,True
3489,3489,True
3490,3490,True
3491,3491,True
3492,3492,True
3493,3493,True
3494,3494,True
3495,3495,True
3496,3496,True
3497,3497,True
3498,3498,True
3499,3499,True
3500,3500,True
3501,3501,True
3502,3502,True
3503,3503,True
3504,3504,True
3505,3505,True
3506,3506,True
3507,3507,True
3508,3508,True
3509,3509,True
3510,3510,True
3511,3511,True
3512,3512,True
3513,3513,True
3514,3514,True
3515,3515,True
3516,3516,True
3517,3517,True
3518,3518,True
3519,3519,True
3520,3520,True
3521,3521,True
3522,3522,True
3523,3523,True
3524,3524,True
3525,3525,True
3526,3526,True
3527,3527,True
3528,3528,True
3529,3529,True
3530,3530,True
3531,3531,True
3532,3532,True
3533,3533,True
3534,3534,True
3535,3535,True
3536,3536,True
3537,3537,True
3538,3538,True
3539,3539,True
3540,3540,True
3541,3541,True
3542,3542,True
3543,3543,True
3544,3544,True
3545,3545,True
3546,3546,True
3547,3547,True
3548,3548,True
3549,3549,True
3550,3550,True
3551,3551,True
3552,3552,True
3553,3553,True
3554,3554,True
3555,3555,True
3556,3556,True
3557,3557,True
3558,3558,True
3559,3559,True
3560,3560,True
3561,3561,True
3562,3562,True
3563,3563,True
3564,3564,True
3565,3565,True
3566,3566,True
3567,3567,True
3568,3568,True
3569,3569,True
3570,3570,True
3571,3571,True
3572,3572,True
3573,3573,True
3574,3574,True
3575,3575,True
3576,3576,True
3577,3577,True
3578,3578,True
3579,3579,True
3580,3580,True
3581,3581,True
3582,3582,True
3583,3583,True
3584,3584,True
3585,3585,True
3586,3586,True
3587,3587,True
3588,3588,True
3589,3589,True
3590,3590,True
3591,3591,True
1,1,False
2,2,False
3,3,False
4,4,False
5,5,False
6,6,False
7,7,False
8,8,False
9,9,False
10,10,False
11,11,False
12,12,False
13,13,False
14,14,False
15,15,False
16,16,False
17,17,False
18,18,False
19,19,False
20,20,False
21,21,False
22,22,False
23,23,False
24,24,False
25,25,False
26,26,False
27,27,False
28,28,False
29,29,False
30,30,False
31,31,False
32,32,False
33,33,False
34,34,False
35,35,False
36,36,False
37,37,False
38,38,False
39,39,False
40,40,False
41,41,False
42,42,False
43,43,False
44,44,False
45,45,False
46,46,False
47,47,False
48,48,False
49,49,False
50,50,False
51,51,False
52,52,False
53,53,False
54,54,False
55,55,False
56,56,False
57,57,False
58,58,False
59,59,False
60,60,False
61,61,False
62,62,False
63,63,False
64,64,False
65,65,False
66,66,False
67,67,False
68,68,False
69,69,False
70,70,False
71,71,False
72,72,False
73,73,False
74,74,False
75,75,False
76,76,False
77,77,False
78,78,False
79,79,False
80,80,False
81,81,False
82,82,False
83,83,False
84,84,False
85,85,False
86,86,False
87,87,False
88,88,False
89,89,False
90,90,False
91,91,False
92,92,False
93,93,False
94,94,False
95,95,False
96,96,False
97,97,False
98,98,False
99,99,False
100,100,False
101,101,False
102,102,False
103,103,False
104,104,False
105,105,False
106,106,False
107,107,False
108,108,False
109,109,False
110,110,False
111,111,False
112,112,False
113,113,False
114,114,False
115,115,False
116,116,False
117,117,False
118,118,False
119,119,False
120,120,False
121,121,False
122,122,False
123,123,False
124,124,False
125,125,False
126,126,False
127,127,False
128,128,False
129,129,False
130,130,False
131,131,False
132,132,False
133,133,False
134,134,False
135,135,False
136,136,False
137,137,False
138,138,False
139,139,False
140,140,False
141,141,False
142,142,False
143,143,False
144,144,False
145,145,False
146,146,False
147,147,False
148,148,False
149,149,False
150,150,False
151,151,False
152,152,False
153,153,False
154,154,False
155,155,False
156,156,False
157,157,False
158,158,False
159,159,False
160,160,False
161,161,False
162,162,False
163,163,False
164,164,False
165,165,False
166,166,False
167,167,False
168,168,False
169,169,False
170,170,False
171,171,False
172,172,False
173,173,False
174,174,False
175,175,False
176,176,False
177,177,False
178,178,False
179,179,False
180,180,False
181,181,False
182,182,False
183,183,False
184,184,False
185,185,False
186,186,False
187,187,False
188,188,False
189,189,False
190,190,False
191,191,False
192,192,False
193,193,False
194,194,False
195,195,False
196,196,False
197,197,False
198,198,False
199,199,False
200,200,False
201,201,False
202,202,False
203,203,False
204,204,False
205,205,False
206,206,False
207,207,False
208,208,False
209,209,False
210,210,False
211,211,False
212,212,False
213,213,False
214,214,False
215,215,False
216,216,False
217,217,False
218,218,False
219,219,False
220,220,False
221,221,False
222,222,False
223,223,False
224,224,False
225,225,False
226,226,False
227,227,False
228,228,False
229,229,False
230,230,False
231,231,False
232,232,False
233,233,False
234,234,False
235,235,False
236,236,False
237,237,False
238,238,False
239,239,False
240,240,False
241,241,False
242,242,False
243,243,False
244,244,False
245,245,False
246,246,False
247,247,False
248,248,False
249,249,False
250,250,False
251,251,False
252,252,False
253,253,False
254,254,False
255,255,False
256,256,False
257,257,False
258,258,False
259,259,False
260,260,False
261,261,False
262,262,False
263,263,False
264,264,False
265,265,False
266,266,False
267,267,False
268,268,False
269,269,False
270,270,False
271,271,False
272,272,False
273,273,False
274,274,False
275,275,False
276,276,False
277,277,False
278,278,False
279,279,False
280,280,False
281,281,False
282,282,False
283,283,False
284,284,False
285,285,False
286,286,False
287,287,False
288,288,False
289,289,False
290,290,False
291,291,False
292,292,False
293,293,False
294,294,False
295,295,False
296,296,False
297,297,False
298,298,False
299,299,False
300,300,False
